elapsed_s,temperature_c,target_c,power,controller_state,controller_algorithm,control_mode,fault,mcu_samples,mcu_temperature_c,mcu_temperature_estimate_c,mcu_temperature_valid,loop_clock,loop_clock_frequency,loop_clock_source,loop_dt_count,loop_dt_mean_s,loop_dt_stddev_s,loop_dt_min_s,loop_dt_max_s,thermal_model_source,thermal_model_gain,thermal_model_tau_s,thermal_model_delay_s,thermal_model_horizon_s,thermal_control_band_c,host_predictive_output,host_predictive_bias,host_predictive_filtered_temperature_c,host_predictive_ambient_c,host_predictive_approach_active,host_predictive_approach_blend
0.001155870999355102,51.92,75.0,0.30000762951094834,host,predictive,host,0,69,,55.625,False,18098.40687072,1.0,host,68,0.2999911799852807,0.0001168114807516676,0.2993876549990091,0.3005686149990652,base,80.0,150.0,2.0,30.0,1.0,0.3,0.0,,28.09,True,1.0
0.5008130810019793,51.9,75.0,0.8999923704890517,host,predictive,host,0,71,,55.625,False,18099.007015399,1.0,host,70,0.29999349882855325,0.00011628844074112614,0.2993876549990091,0.3005686149990652,base,80.0,150.0,2.0,30.0,1.0,0.8999999999999999,0.0,,28.09,True,1.0
1.0018604809993121,51.88,75.0,1.0,host,predictive,host,0,72,,55.59,False,18099.306925506,1.0,host,71,0.29999232429578176,0.00011588400902210755,0.2993876549990091,0.3005686149990652,base,80.0,150.0,2.0,30.0,1.0,1.0,0.0,,28.09,True,1.0
1.5028156730004412,51.89,75.0,1.0,host,predictive,host,0,74,,55.59,False,18099.906943878,1.0,host,73,0.29999278626026565,0.00011437312203774383,0.2993876549990091,0.3005686149990652,base,80.0,150.0,2.0,30.0,1.0,1.0,0.0,,28.09,True,1.0
2.003723853998963,51.9,75.0,1.0,host,predictive,host,0,76,,55.625,False,18100.506895918,1.0,host,75,0.2999923391599927,0.00011387182320656297,0.2993876549990091,0.3005686149990652,base,80.0,150.0,2.0,30.0,1.0,1.0,0.0,,28.09,True,1.0
2.504410920999362,51.93,75.0,1.0,host,predictive,host,0,77,,55.625,False,18100.80694319,1.0,host,76,0.29999306196053743,0.00011329324552528808,0.2993876549990091,0.3005686149990652,base,80.0,150.0,2.0,30.0,1.0,1.0,0.0,,28.09,True,1.0
3.0052932809994672,52.02,75.0,1.0,host,predictive,host,0,79,,55.799,False,18101.406883242,1.0,host,78,0.29999247129489964,0.00011196297788706052,0.2993876549990091,0.3005686149990652,base,80.0,150.0,2.0,30.0,1.0,1.0,0.0,,28.09,True,1.0
3.506914928999322,52.17,75.0,1.0,host,predictive,host,0,81,,55.799,False,18102.006826986,1.0,host,80,0.29999195631248776,0.0001109718028361083,0.2993876549990091,0.3005686149990652,base,80.0,150.0,2.0,30.0,1.0,1.0,0.0,,28.09,True,1.0
4.00793169300232,52.25,75.0,1.0,host,predictive,host,0,82,,56.008,False,18102.306890008,1.0,host,81,0.29999283366667023,0.00011056349855990142,0.2993876549990091,0.3005686149990652,base,80.0,150.0,2.0,30.0,1.0,1.0,0.0,,28.09,True,1.0
4.509426273001736,52.48,75.0,1.0,host,predictive,host,0,84,,56.008,False,18102.906841515,1.0,host,83,0.29999242209638644,0.00010925808439460375,0.2993876549990091,0.3005686149990652,base,80.0,150.0,2.0,30.0,1.0,1.0,0.0,,28.09,True,1.0
5.010739684999862,52.74,75.0,1.0,host,predictive,host,0,86,,56.287,False,18103.506833767,1.0,host,85,0.2999925092470863,0.00010798105148513108,0.2993876549990091,0.3005686149990652,base,80.0,150.0,2.0,30.0,1.0,1.0,0.0,,28.09,True,1.0
5.512467602999095,52.88,75.0,1.0,host,predictive,host,0,87,,56.287,False,18103.806832131,1.0,host,86,0.2999925773255686,0.0001073532538308952,0.2993876549990091,0.3005686149990652,base,80.0,150.0,2.0,30.0,1.0,1.0,0.0,,28.09,True,1.0
6.013304505002452,53.16,75.0,1.0,host,predictive,host,0,89,,56.705,False,18104.406834081,1.0,host,88,0.29999276818183385,0.00010620832337168372,0.2993876549990091,0.3005686149990652,base,80.0,150.0,2.0,30.0,1.0,1.0,0.0,,28.09,True,1.0
6.514986079000664,53.45,75.0,1.0,host,predictive,host,0,91,,56.705,False,18105.006826125,1.0,host,90,0.2999928404889134,0.00010535148978269386,0.2993876549990091,0.3005686149990652,base,80.0,150.0,2.0,30.0,1.0,1.0,0.0,,28.09,True,1.0
7.015904413001408,53.61,75.0,1.0,host,predictive,host,0,92,,57.053,False,18105.306796211,1.0,host,91,0.299992590439565,0.00010479788779488534,0.2993876549990091,0.3005686149990652,base,80.0,150.0,2.0,30.0,1.0,1.0,0.0,,28.09,True,1.0
7.517603462001716,53.95,75.0,1.0,host,predictive,host,0,94,,57.053,False,18105.9068345,1.0,host,93,0.2999931614946446,0.00010378750162789477,0.2993876549990091,0.3005686149990652,base,80.0,150.0,2.0,30.0,1.0,1.0,0.0,,28.09,True,1.0
8.018615372999193,54.28,75.0,1.0,host,predictive,host,0,96,,57.367,False,18106.506797585,1.0,host,95,0.2999929168842132,0.00010274429924290429,0.2993876549990091,0.3005686149990652,base,80.0,150.0,2.0,30.0,1.0,1.0,0.0,,28.09,True,1.0
8.518958998000016,54.43,75.0,1.0,host,predictive,host,0,97,,57.367,False,18106.806816327,1.0,host,96,0.29999318589583857,0.00010224139821799185,0.2993876549990091,0.3005686149990652,base,80.0,150.0,2.0,30.0,1.0,1.0,0.0,,28.09,True,1.0
9.019879092000338,54.75,75.0,1.0,host,predictive,host,0,99,,57.855,False,18107.406747881,1.0,host,98,0.29999262653061065,0.00010141898743335508,0.2993876549990091,0.3005686149990652,base,80.0,150.0,2.0,30.0,1.0,1.0,0.0,,28.09,True,1.0
9.521780022001622,55.09,75.0,1.0,host,predictive,host,0,101,,57.855,False,18108.006636417,1.0,host,100,0.299991659360021,0.00010063210935265964,0.2993876549990091,0.3005686149990652,base,80.0,150.0,2.0,30.0,1.0,1.0,0.0,,28.09,True,1.0
10.022790458999225,55.27,75.0,1.0,host,predictive,host,0,102,,58.238,False,18108.306737255,1.0,host,101,0.29999274033663353,0.00010071448216474739,0.2993876549990091,0.3005686149990652,base,80.0,150.0,2.0,30.0,1.0,1.0,0.0,,28.09,True,1.0
10.524651230000018,55.64,75.0,1.0,host,predictive,host,0,104,,58.238,False,18108.906789956,1.0,host,103,0.29999339296116584,9.985269624161126e-05,0.2993876549990091,0.3005686149990652,base,80.0,150.0,2.0,30.0,1.0,1.0,0.0,,28.09,True,1.0
11.025644233999628,56.02,75.0,1.0,host,predictive,host,0,106,,58.691,False,18109.506733606,1.0,host,105,0.299992982142846,9.954721114599727e-05,0.2993876549990091,0.3005686149990652,base,80.0,150.0,2.0,30.0,1.0,1.0,0.0,,28.09,True,1.0
11.526965937999194,56.2,75.0,1.0,host,predictive,host,0,107,,58.691,False,18109.806674387,1.0,host,106,0.29999248967925385,9.920496282784434e-05,0.2993876549990091,0.3005686149990652,base,80.0,150.0,2.0,30.0,1.0,1.0,0.0,,28.09,True,1.0
12.028311996000411,56.59,75.0,1.0,host,predictive,host,0,109,,59.249,False,18110.406657652,1.0,host,108,0.29999247380557653,9.834759217972439e-05,0.2993876549990091,0.3005686149990652,base,80.0,150.0,2.0,30.0,1.0,1.0,0.0,,28.09,True,1.0
12.528961463001906,56.98,75.0,1.0,host,predictive,host,0,111,,59.249,False,18111.006676066,1.0,host,110,0.29999277804546925,9.760876120400099e-05,0.2993876549990091,0.3005686149990652,base,80.0,150.0,2.0,30.0,1.0,1.0,0.0,,28.09,True,1.0
13.030022540999198,57.17,75.0,1.0,host,predictive,host,0,112,,59.667,False,18111.306642573,1.0,host,111,0.29999254136936876,9.719978864050657e-05,0.2993876549990091,0.3005686149990652,base,80.0,150.0,2.0,30.0,1.0,1.0,0.0,,28.09,True,1.0
13.53214143200239,57.54,75.0,1.0,host,predictive,host,0,114,,59.667,False,18111.90667632,1.0,host,113,0.299992972026544,9.655606368039704e-05,0.2993876549990091,0.3005686149990652,base,80.0,150.0,2.0,30.0,1.0,1.0,0.0,,28.09,True,1.0
14.032983173001412,57.9,75.0,1.0,host,predictive,host,0,116,,60.085,False,18112.506582065,1.0,host,115,0.2999922746434964,9.585627694338265e-05,0.2993876549990091,0.3005686149990652,base,80.0,150.0,2.0,30.0,1.0,1.0,0.0,,28.09,True,1.0
14.533716501999152,58.08,75.0,1.0,host,predictive,host,0,117,,60.085,False,18112.806486152,1.0,host,116,0.2999915144051744,9.578977464831655e-05,0.2993876549990091,0.3005686149990652,base,80.0,150.0,2.0,30.0,1.0,1.0,0.0,,28.09,True,1.0
15.034613018000528,58.45,75.0,1.0,host,predictive,host,0,119,,60.643,False,18113.406563128,1.0,host,118,0.2999923105677935,9.661076975359464e-05,0.2993876549990091,0.3005686149990652,base,80.0,150.0,2.0,30.0,1.0,1.0,0.0,,28.09,True,1.0
15.536349516001792,58.81,75.0,1.0,host,predictive,host,0,121,,60.643,False,18114.006569529,1.0,host,120,0.29999249206666717,0.00023039516111881175,0.29838020500028506,0.30162619600014295,base,80.0,150.0,2.0,30.0,1.0,1.0,0.0,,28.09,True,1.0
16.0374300149997,59.0,75.0,1.0,host,predictive,host,0,122,,61.061,False,18114.306653463,1.0,host,121,0.29999324778514125,0.00022959043943039737,0.29838020500028506,0.30162619600014295,base,80.0,150.0,2.0,30.0,1.0,1.0,0.0,,28.09,True,1.0
16.539427243998944,59.37,75.0,1.0,host,predictive,host,0,124,,61.061,False,18114.906524799,1.0,host,123,0.299992311528461,0.0002283501750543591,0.29838020500028506,0.30162619600014295,base,80.0,150.0,2.0,30.0,1.0,1.0,0.0,,28.09,True,1.0
17.04048771900125,59.71,75.0,1.0,host,predictive,host,0,126,,61.479,False,18115.506520812,1.0,host,125,0.29999240264800026,0.0002265172200777542,0.29838020500028506,0.30162619600014295,base,80.0,150.0,2.0,30.0,1.0,1.0,0.0,,28.09,True,1.0
17.54231081800026,60.07,75.0,1.0,host,predictive,host,0,128,,61.479,False,18116.106586904,1.0,host,127,0.2999930427007869,0.00022487701826237684,0.29838020500028506,0.30162619600014295,base,80.0,150.0,2.0,30.0,1.0,1.0,0.0,,28.09,True,1.0
18.04345767199993,60.25,75.0,1.0,host,predictive,host,0,129,,62.037,False,18116.406554375,1.0,host,128,0.2999928429218812,0.0002240081841009545,0.29838020500028506,0.30162619600014295,base,80.0,150.0,2.0,30.0,1.0,1.0,0.0,,28.09,True,1.0
18.545412948999,60.6,75.0,1.0,host,predictive,host,0,131,,62.037,False,18117.006477499,1.0,host,130,0.2999923616769173,0.0002223786247840123,0.29838020500028506,0.30162619600014295,base,80.0,150.0,2.0,30.0,1.0,1.0,0.0,,28.09,True,1.0
19.046448363002128,60.93,75.0,1.0,host,predictive,host,0,133,,62.42,False,18117.606459835,1.0,host,132,0.299992343590902,0.00022070138325335468,0.29838020500028506,0.30162619600014295,base,80.0,150.0,2.0,30.0,1.0,1.0,0.0,,28.09,True,1.0
19.546772761001193,61.1,75.0,1.0,host,predictive,host,0,134,,62.42,False,18117.906443358,1.0,host,133,0.2999922772706716,0.00021987143360678392,0.29838020500028506,0.30162619600014295,base,80.0,150.0,2.0,30.0,1.0,1.0,0.0,,28.09,True,1.0
20.048070066000946,61.45,75.0,1.0,host,predictive,host,0,136,,62.873,False,18118.506415642,1.0,host,135,0.29999218637779085,0.00021823893523922042,0.29838020500028506,0.30162619600014295,base,80.0,150.0,2.0,30.0,1.0,1.0,0.0,,28.09,True,1.0
20.549697919999744,61.79,75.0,1.0,host,predictive,host,0,138,,62.873,False,18119.106444852,1.0,host,137,0.29999251365694557,0.00021665856775983171,0.29838020500028506,0.30162619600014295,base,80.0,150.0,2.0,30.0,1.0,1.0,0.0,,28.09,True,1.0
21.050727410001855,61.96,75.0,1.0,host,predictive,host,0,139,,63.396,False,18119.40638009,1.0,host,138,0.29999209861594817,0.000215926799559488,0.29838020500028506,0.30162619600014295,base,80.0,150.0,2.0,30.0,1.0,1.0,0.0,,28.09,True,1.0
21.552422657001443,62.3,75.0,1.0,host,predictive,host,0,141,,63.396,False,18120.00637952,1.0,host,140,0.29999220742143484,0.00021453055593554857,0.29838020500028506,0.30162619600014295,base,80.0,150.0,2.0,30.0,1.0,1.0,0.0,,28.09,True,1.0
22.05359460800173,62.62,75.0,1.0,host,predictive,host,0,143,,63.779,False,18120.606401344,1.0,host,142,0.2999924708662074,0.00021318323269239626,0.29838020500028506,0.30162619600014295,base,80.0,150.0,2.0,30.0,1.0,1.0,0.0,,28.09,True,1.0
22.555454977999034,62.79,75.0,1.0,host,predictive,host,0,144,,63.779,False,18120.906435023,1.0,host,143,0.29999275903496936,0.0002124642810768892,0.29838020500028506,0.30162619600014295,base,80.0,150.0,2.0,30.0,1.0,1.0,0.0,,28.09,True,1.0
23.056420218999847,63.1,75.0,1.0,host,predictive,host,0,146,,64.197,False,18121.5063624,1.0,host,145,0.2999923580620691,0.0002110541227951771,0.29838020500028506,0.30162619600014295,base,80.0,150.0,2.0,30.0,1.0,1.0,0.0,,28.09,True,1.0
23.556972041002155,63.42,75.0,1.0,host,predictive,host,0,148,,64.197,False,18122.106341832,1.0,host,147,0.2999923221156561,0.0002096175909765251,0.29838020500028506,0.30162619600014295,base,80.0,150.0,2.0,30.0,1.0,1.0,0.0,,28.09,True,1.0
24.058036195001478,63.57,75.0,1.0,host,predictive,host,0,149,,64.72,False,18122.406341669,1.0,host,148,0.2999923728918992,0.00020890913024539692,0.29838020500028506,0.30162619600014295,base,80.0,150.0,2.0,30.0,1.0,1.0,0.0,,28.09,True,1.0
24.55994590499904,63.88,75.0,1.0,host,predictive,host,0,151,,64.72,False,18123.006358462,1.0,host,150,0.299992586540005,0.00020753473299940563,0.29838020500028506,0.30162619600014295,base,80.0,150.0,2.0,30.0,1.0,1.0,0.0,,28.09,True,1.0
25.061293726001168,64.2,75.0,1.0,host,predictive,host,0,153,,65.138,False,18123.606399605,1.0,host,152,0.29999295476315985,0.0002062007090973476,0.29838020500028506,0.30162619600014295,base,80.0,150.0,2.0,30.0,1.0,1.0,0.0,,28.09,True,1.0
25.562767711999186,64.35,75.0,1.0,host,predictive,host,0,154,,65.138,False,18123.906410916,1.0,host,153,0.29999307473855913,0.00020553106851016928,0.29838020500028506,0.30162619600014295,base,80.0,150.0,2.0,30.0,1.0,1.0,0.0,,28.09,True,1.0
26.063774351001484,64.66,75.0,1.0,host,predictive,host,0,156,,65.521,False,18124.506358929,1.0,host,155,0.29999282869677946,0.0002043574225176397,0.29838020500028506,0.30162619600014295,base,80.0,150.0,2.0,30.0,1.0,1.0,0.0,,28.09,True,1.0
26.56519833100174,64.94,75.0,1.0,host,predictive,host,0,158,,65.521,False,18125.106337612,1.0,host,157,0.2999927842738892,0.00020316682266872425,0.29838020500028506,0.30162619600014295,base,80.0,150.0,2.0,30.0,1.0,1.0,0.0,,28.09,True,1.0
27.066285003002122,65.1,75.0,1.0,host,predictive,host,0,159,,66.044,False,18125.406368191,1.0,host,158,0.299993023481023,0.00020254504703611612,0.29838020500028506,0.30162619600014295,base,80.0,150.0,2.0,30.0,1.0,1.0,0.0,,28.09,True,1.0
27.566710020000755,65.38,75.0,1.0,host,predictive,host,0,161,,66.044,False,18126.006297713,1.0,host,160,0.29999267020000403,0.00020133314534479703,0.29838020500028506,0.30162619600014295,base,80.0,150.0,2.0,30.0,1.0,1.0,0.0,,28.09,True,1.0
28.06778537699938,65.66,75.0,1.0,host,predictive,host,0,163,,66.393,False,18126.606327755,1.0,host,162,0.2999929461357957,0.00020015872430384594,0.29838020500028506,0.30162619600014295,base,80.0,150.0,2.0,30.0,1.0,1.0,0.0,,28.09,True,1.0
28.568450542999926,65.8,75.0,1.0,host,predictive,host,0,164,,66.393,False,18126.906263349,1.0,host,163,0.299992594282208,0.0001995940435817807,0.29838020500028506,0.30162619600014295,base,80.0,150.0,2.0,30.0,1.0,1.0,0.0,,28.09,True,1.0
29.06953631000215,66.08,75.0,1.0,host,predictive,host,0,166,,66.741,False,18127.506212603,1.0,host,165,0.29999237649696614,0.00019859626756364696,0.29838020500028506,0.30162619600014295,base,80.0,150.0,2.0,30.0,1.0,1.0,0.0,,28.09,True,1.0
29.571070904999942,66.36,75.0,1.0,host,predictive,host,0,168,,66.741,False,18128.106226771,1.0,host,167,0.29999255263473606,0.00019742962890077897,0.29838020500028506,0.30162619600014295,base,80.0,150.0,2.0,30.0,1.0,1.0,0.0,,28.09,True,1.0
30.07208356400224,66.48,75.0,1.0,host,predictive,host,0,169,,67.194,False,18128.406125373,1.0,host,168,0.29999199340476324,0.00019697378253943904,0.29838020500028506,0.30162619600014295,base,80.0,150.0,2.0,30.0,1.0,1.0,0.0,,28.09,True,1.0
30.5733541289992,66.74,75.0,1.0,host,predictive,host,0,171,,67.194,False,18129.00616199,1.0,host,170,0.299992302994125,0.00019584306668386258,0.29838020500028506,0.30162619600014295,base,80.0,150.0,2.0,30.0,1.0,1.0,0.0,,28.09,True,1.0
31.074411572000827,66.99,75.0,1.0,host,predictive,host,0,173,,67.577,False,18129.606075078,1.0,host,172,0.299991887191873,0.00019474993296265868,0.29838020500028506,0.30162619600014295,base,80.0,150.0,2.0,30.0,1.0,1.0,0.0,,28.09,True,1.0
31.575143306999962,67.13,75.0,1.0,host,predictive,host,0,174,,67.577,False,18129.906217754,1.0,host,173,0.29999275880347115,0.0001945224193773155,0.29838020500028506,0.30162619600014295,base,80.0,150.0,2.0,30.0,1.0,1.0,0.0,,28.09,True,1.0
32.07621194800231,67.38,75.0,1.0,host,predictive,host,0,176,,67.891,False,18130.506137994,1.0,host,175,0.29999238578858384,0.00019351718672238453,0.29838020500028506,0.30162619600014295,base,80.0,150.0,2.0,30.0,1.0,1.0,0.0,,28.09,True,1.0
32.57690814500165,67.63,75.0,1.0,host,predictive,host,0,178,,67.891,False,18131.106115252,1.0,host,177,0.2999923433389945,0.00019247664453242178,0.29838020500028506,0.30162619600014295,base,80.0,150.0,2.0,30.0,1.0,1.0,0.0,,28.09,True,1.0
33.078255307998916,67.75,75.0,1.0,host,predictive,host,0,179,,68.344,False,18131.40617379,1.0,host,178,0.29999271521911014,0.00019199897449431865,0.29838020500028506,0.30162619600014295,base,80.0,150.0,2.0,30.0,1.0,1.0,0.0,,28.09,True,1.0
33.580106836001505,68.01,75.0,1.0,host,predictive,host,0,181,,68.344,False,18132.00608684,1.0,host,180,0.2999923131055566,0.00019137512117144782,0.29838020500028506,0.30162619600014295,base,80.0,150.0,2.0,30.0,1.0,1.0,0.0,,28.09,True,1.0
34.08114828299949,68.24,75.0,1.0,host,predictive,host,0,183,,68.693,False,18132.606066753,1.0,host,182,0.29999228720879456,0.00019032249179755885,0.29838020500028506,0.30162619600014295,base,80.0,150.0,2.0,30.0,1.0,1.0,0.0,,28.09,True,1.0
34.582400387000234,68.38,75.0,1.0,host,predictive,host,0,184,,68.693,False,18132.906101501,1.0,host,183,0.29999251923498177,0.00018982758250749804,0.29838020500028506,0.30162619600014295,base,80.0,150.0,2.0,30.0,1.0,1.0,0.0,,28.09,True,1.0
35.083470906,68.61,75.0,1.0,host,predictive,host,0,186,,69.006,False,18133.506053361,1.0,host,185,0.29999233989190166,0.00018882581865936057,0.29838020500028506,0.30162619600014295,base,80.0,150.0,2.0,30.0,1.0,1.0,0.0,,28.09,True,1.0
35.58450053400156,68.84,75.0,1.0,host,predictive,host,0,188,,69.006,False,18134.106068485,1.0,host,187,0.2999925026951995,0.00018806510904889576,0.29838020500028506,0.30162619600014295,base,80.0,150.0,2.0,30.0,1.0,1.0,0.0,,28.09,True,1.0
36.085638519001805,68.95,75.0,1.0,host,predictive,host,0,189,,69.424,False,18134.405997732,1.0,host,188,0.2999921662287231,0.00018762069505496613,0.29838020500028506,0.30162619600014295,base,80.0,150.0,2.0,30.0,1.0,1.0,0.0,,28.09,True,1.0
36.586432858999615,69.18,75.0,1.0,host,predictive,host,0,191,,69.424,False,18135.005989255,1.0,host,190,0.29999220407369576,0.00018665491671087734,0.29838020500028506,0.30162619600014295,base,80.0,150.0,2.0,30.0,1.0,1.0,0.0,,28.09,True,1.0
37.08774514700053,69.4,75.0,1.0,host,predictive,host,0,193,,69.738,False,18135.606009428,1.0,host,192,0.29999239034896186,0.00018569190894586452,0.29838020500028506,0.30162619600014295,base,80.0,150.0,2.0,30.0,1.0,1.0,0.0,,28.09,True,1.0
37.58826918500199,69.51,75.0,1.0,host,predictive,host,0,194,,69.738,False,18135.905971968,1.0,host,193,0.299992235683945,0.0001852226157547138,0.29838020500028506,0.30162619600014295,base,80.0,150.0,2.0,30.0,1.0,1.0,0.0,,28.09,True,1.0
38.0897958400019,69.75,75.0,1.0,host,predictive,host,0,196,70.086,70.086,True,18136.505980147,1.0,host,195,0.2999923572615493,0.00018428942307791496,0.29838020500028506,0.30162619600014295,base,80.0,150.0,2.0,30.0,1.0,1.0,0.0,,28.09,True,1.0
38.59085804500137,69.97,75.0,1.0,host,predictive,host,0,198,70.086,70.086,True,18137.105902729,1.0,host,197,0.29999204186802,0.00018337802546716849,0.29838020500028506,0.30162619600014295,base,80.0,150.0,2.0,30.0,1.0,1.0,0.0,,28.09,True,1.0
39.09188891500162,70.07,75.0,1.0,host,predictive,host,0,199,70.435,70.435,True,18137.405945791,1.0,host,198,0.299992299545461,0.0001829501153436497,0.29838020500028506,0.30162619600014295,base,80.0,150.0,2.0,30.0,1.0,1.0,0.0,,28.09,True,1.0
39.59238700100104,70.29,75.0,1.0,host,predictive,host,0,201,70.435,70.435,True,18138.005874864,1.0,host,200,0.2999920219150047,0.00018207961978046382,0.29838020500028506,0.30162619600014295,base,80.0,150.0,2.0,30.0,1.0,1.0,0.0,,28.09,True,1.0
40.09340459099985,70.51,75.0,1.0,host,predictive,host,0,203,70.783,70.783,True,18138.605916587,1.0,host,202,0.2999923074554446,0.000181272830009593,0.29838020500028506,0.30162619600014295,base,80.0,150.0,2.0,30.0,1.0,1.0,0.0,,28.09,True,1.0
40.594285371000296,70.61,75.0,1.0,host,predictive,host,0,204,70.783,70.783,True,18138.90584812,1.0,host,203,0.2999920080738988,0.00018087584939043393,0.29838020500028506,0.30162619600014295,base,80.0,150.0,2.0,30.0,1.0,1.0,0.0,,28.09,True,1.0
41.095462250999844,70.81,75.0,1.0,host,predictive,host,0,206,71.062,71.062,True,18139.505846351,1.0,host,205,0.29999207741463446,0.00018003130250297914,0.29838020500028506,0.30162619600014295,base,80.0,150.0,2.0,30.0,1.0,1.0,0.0,,28.09,True,1.0
41.596788634000404,71.02,75.0,1.0,host,predictive,host,0,208,71.062,71.062,True,18140.10587787,1.0,host,207,0.29999230622705086,0.00017917640296444468,0.29838020500028506,0.30162619600014295,base,80.0,150.0,2.0,30.0,1.0,1.0,0.0,,28.09,True,1.0
42.09804470200106,71.12,75.0,1.0,host,predictive,host,0,209,71.446,71.446,True,18140.405827061,1.0,host,208,0.299992098942312,0.00017877004923962109,0.29838020500028506,0.30162619600014295,base,80.0,150.0,2.0,30.0,1.0,1.0,0.0,,28.09,True,1.0
42.59845650900024,71.32,75.0,1.0,host,predictive,host,0,211,71.446,71.446,True,18141.005853231,1.0,host,210,0.29999229880952416,0.0001779286377445712,0.29838020500028506,0.30162619600014295,base,80.0,150.0,2.0,30.0,1.0,1.0,0.0,,28.09,True,1.0
43.09947016799924,71.54,75.0,1.0,host,predictive,host,0,213,71.759,71.759,True,18141.605835434,1.0,host,212,0.2999922875141463,0.00017708990871731817,0.29838020500028506,0.30162619600014295,base,80.0,150.0,2.0,30.0,1.0,1.0,0.0,,28.09,True,1.0
43.59984555600022,71.64,75.0,1.0,host,predictive,host,0,214,71.759,71.759,True,18141.905854444,1.0,host,213,0.2999924129718399,0.00017668315879258926,0.29838020500028506,0.30162619600014295,base,80.0,150.0,2.0,30.0,1.0,1.0,0.0,,28.09,True,1.0
44.10095484500198,71.84,75.0,1.0,host,predictive,host,0,216,72.038,72.038,True,18142.505762672,1.0,host,215,0.2999920567023323,0.00017590387278873342,0.29838020500028506,0.30162619600014295,base,80.0,150.0,2.0,30.0,1.0,1.0,0.0,,28.09,True,1.0
44.60209141100131,72.05,75.0,1.0,host,predictive,host,0,218,72.038,72.038,True,18143.105809616,1.0,host,217,0.2999923462442486,0.00017515639311403795,0.29838020500028506,0.30162619600014295,base,80.0,150.0,2.0,30.0,1.0,1.0,0.0,,28.09,True,1.0
45.10328720100006,72.14,75.0,1.0,host,predictive,host,0,219,72.421,72.421,True,18143.405792301,1.0,host,218,0.2999923019266104,0.00017475541592407905,0.29838020500028506,0.30162619600014295,base,80.0,150.0,2.0,30.0,1.0,1.0,0.0,,28.09,True,1.0
45.60355253200032,72.35,75.0,1.0,host,predictive,host,0,221,72.421,72.421,True,18144.005741363,1.0,host,220,0.29999214037272265,0.00017411895854207648,0.29838020500028506,0.30162619600014295,base,80.0,150.0,2.0,30.0,1.0,1.0,0.0,,28.09,True,1.0
46.10467228000198,72.54,75.0,1.0,host,predictive,host,0,223,72.7,72.7,True,18144.605752052,1.0,host,222,0.29999225932883494,0.00017345850808080568,0.29838020500028506,0.30162619600014295,base,80.0,150.0,2.0,30.0,1.0,1.0,0.0,,28.09,True,1.0
46.60505643900251,72.64,75.0,1.0,host,predictive,host,0,224,72.7,72.7,True,18144.905753024,1.0,host,223,0.29999229839910063,0.00017307012969664497,0.29838020500028506,0.30162619600014295,base,80.0,150.0,2.0,30.0,1.0,1.0,0.0,,28.09,True,1.0
47.10609862500132,72.84,75.0,0.9861448081177997,host,predictive,host,0,226,73.014,73.014,True,18145.505649252,1.0,host,225,0.2999919056488987,0.00017289830259990116,0.29838020500028506,0.30162619600014295,base,80.0,150.0,2.0,30.0,1.0,0.9861435319902857,0.0002912749198610669,73.05816720092622,28.09,True,0.9418327990737794
47.606963357000495,73.02,75.0,0.9428244449530785,host,predictive,host,0,228,73.014,73.014,True,18146.105748166,1.0,host,227,0.2999924127092498,0.000172319861761085,0.29838020500028506,0.30162619600014295,base,80.0,150.0,2.0,30.0,1.0,0.942818339645335,0.0008673295771398279,73.09153472871093,28.09,True,0.7636637825237358
48.108169253002416,73.12,75.0,0.9157244220645456,host,predictive,host,0,229,73.362,73.362,True,18146.405658204,1.0,host,228,0.2999920514166664,0.00017202769591931764,0.29838020500028506,0.30162619600014295,base,80.0,150.0,2.0,30.0,1.0,0.9157187365519348,0.001148344324374647,73.12656835176787,28.09,True,0.6569532165582359
48.608754777000286,73.31,75.0,0.8673990997177081,host,predictive,host,0,231,73.362,73.362,True,18147.005684408,1.0,host,230,0.29999223446521595,0.00017148252432933793,0.29838020500028506,0.30162619600014295,base,80.0,150.0,2.0,30.0,1.0,0.8674032350549843,0.0016895821602052486,73.22018151337494,28.09,True,0.4794168855734142
49.10983351300092,73.48,75.0,0.8160982681010147,host,predictive,host,0,233,73.606,73.606,True,18147.605688103,1.0,host,232,0.29999231733621695,0.0001707553798944268,0.29838020500028506,0.30162619600014295,base,80.0,150.0,2.0,30.0,1.0,0.8160962119498464,0.002199114493250741,73.33121617094983,28.09,True,0.3022695413259271
49.61037329900137,73.57,75.0,0.79316395819028,host,predictive,host,0,234,73.606,73.606,True,18147.905748367,1.0,host,233,0.2999926089527937,0.0001704464433215702,0.29838020500028506,0.30162619600014295,base,80.0,150.0,2.0,30.0,1.0,0.7931671435281002,0.0024402959301450455,73.39212375403797,28.09,True,0.23151842414802104
50.111427095002,73.73,75.0,0.7367360952162967,host,predictive,host,0,236,73.815,73.815,True,18148.505571659,1.0,host,235,0.2999919199063836,0.00016992258495026951,0.29838020500028506,0.30162619600014295,base,80.0,150.0,2.0,30.0,1.0,0.7367330482405909,0.002895099006670703,73.51850775668704,28.09,True,0.05490747125668349
50.61260089300049,73.9,75.0,0.7089799343862059,host,predictive,host,0,238,73.815,73.815,True,18149.105661042,1.0,host,237,0.2999923652362821,0.00016936687373153957,0.29838020500028506,0.30162619600014295,base,80.0,150.0,2.0,30.0,1.0,0.708985353242662,0.0033083605310554104,73.657170114285,28.09,False,0.0
51.113825554999494,73.98,75.0,0.7048905165178913,host,predictive,host,0,239,74.164,74.164,True,18149.405666427,1.0,host,238,0.2999924199411758,0.00016901278466507935,0.29838020500028506,0.30162619600014295,base,80.0,150.0,2.0,30.0,1.0,0.7048980755571442,0.003499351529044639,73.7267266800718,28.09,False,0.0
51.61501981699985,74.1,75.0,0.6976882581826505,host,predictive,host,0,241,74.164,74.164,True,18150.005715797,1.0,host,240,0.29999268881667107,0.00016834528349699604,0.29838020500028506,0.30162619600014295,base,80.0,150.0,2.0,30.0,1.0,0.6976918640385301,0.0038528057981915558,73.8521423683303,28.09,False,0.0
52.11618173500028,74.21,75.0,0.6907911802853437,host,predictive,host,0,243,74.303,74.303,True,18150.605690219,1.0,host,242,0.29999264354545446,0.000167691612467424,0.29838020500028506,0.30162619600014295,base,80.0,150.0,2.0,30.0,1.0,0.6907984005020732,0.004169828333700411,73.97238288332004,28.09,False,0.0
52.617803766999714,74.27,75.0,0.687357900358587,host,predictive,host,0,244,74.303,74.303,True,18150.90562368,1.0,host,243,0.29999239999588245,0.0001673890956190169,0.29838020500028506,0.30162619600014295,base,80.0,150.0,2.0,30.0,1.0,0.6873624314829687,0.004314983559760238,74.03229849293449,28.09,False,0.0
53.119226967999566,74.36,75.0,0.6810101472495613,host,predictive,host,0,246,74.442,74.442,True,18151.505588588,1.0,host,245,0.299992318804081,0.00016685140680740453,0.29838020500028506,0.30162619600014295,base,80.0,150.0,2.0,30.0,1.0,0.6810134854645731,0.004580335333623752,74.14223292204636,28.09,False,0.0
53.61950022200108,74.44,75.0,0.6755168993667506,host,predictive,host,0,248,74.442,74.442,True,18152.105542043,1.0,host,247,0.2999921925587006,0.0001662425659581922,0.29838020500028506,0.30162619600014295,base,80.0,150.0,2.0,30.0,1.0,0.6755133149734105,0.004816449719143435,74.23764251748901,28.09,False,0.0
54.12072623499989,74.48,75.0,0.6727702754253453,host,predictive,host,0,249,74.582,74.582,True,18152.405617726,1.0,host,248,0.2999925292137083,0.00016599140643197078,0.29838020500028506,0.30162619600014295,base,80.0,150.0,2.0,30.0,1.0,0.6727742628296338,0.004923696131935819,74.28502391471744,28.09,False,0.0
54.62124493900046,74.54,75.0,0.6681010147249561,host,predictive,host,0,251,74.582,74.582,True,18153.005605569,1.0,host,250,0.2999925403520032,0.00016559563238062165,0.29838020500028506,0.30162619600014295,base,80.0,150.0,2.0,30.0,1.0,0.6680962509782945,0.005119957820086966,74.3657832844129,28.09,False,0.0
55.122261550000985,74.61,75.0,0.6633401998931868,host,predictive,host,0,253,74.686,74.686,True,18153.605481362,1.0,host,252,0.29999210667063503,0.0001651106478406524,0.29838020500028506,0.30162619600014295,base,80.0,150.0,2.0,30.0,1.0,0.6633369706248526,0.005291274849673451,74.4479463183752,28.09,False,0.0
55.62357351500032,74.63,75.0,0.6614328221560998,host,predictive,host,0,254,74.686,74.686,True,18153.905530823,1.0,host,253,0.2999923333675983,0.00016482331031854333,0.29838020500028506,0.30162619600014295,base,80.0,150.0,2.0,30.0,1.0,0.6614285259941989,0.0053691760702114216,74.48065852974686,28.09,False,0.0
56.12448058299924,74.68,75.0,0.6578469520103761,host,predictive,host,0,256,74.686,74.686,True,18154.505384167,1.0,host,255,0.29999181837647876,0.0001643085798113037,0.29838020500028506,0.30162619600014295,base,80.0,150.0,2.0,30.0,1.0,0.6578517845445573,0.005511435793446218,74.54278765410041,28.09,False,0.0
56.62559889300246,74.71,75.0,0.6549324788281071,host,predictive,host,0,258,74.686,74.686,True,18155.105479213,1.0,host,257,0.2999922518754953,0.00016376465751301195,0.29838020500028506,0.30162619600014295,base,80.0,150.0,2.0,30.0,1.0,0.6549309019230234,0.005637410826281503,74.59300639914461,28.09,False,0.0
57.126730578002025,74.72,75.0,0.6536354619668879,host,predictive,host,0,259,74.756,74.756,True,18155.405445887,1.0,host,258,0.2999921527364419,0.00016345470291980317,0.29838020500028506,0.30162619600014295,base,80.0,150.0,2.0,30.0,1.0,0.653639977193362,0.00569512294240113,74.61525255920249,28.09,False,0.0
57.626882699001726,74.76,75.0,0.6510566872663462,host,predictive,host,0,261,74.756,74.756,True,18156.00539396,1.0,host,260,0.2999920133807724,0.0001628798180233422,0.29838020500028506,0.30162619600014295,base,80.0,150.0,2.0,30.0,1.0,0.6510609204917369,0.005800242489688519,74.65993615883934,28.09,False,0.0
58.12794066100105,74.78,75.0,0.6488746471351187,host,predictive,host,0,263,74.791,74.791,True,18156.605478366,1.0,host,262,0.2999923965076366,0.00016231664725591162,0.29838020500028506,0.30162619600014295,base,80.0,150.0,2.0,30.0,1.0,0.64887652150423,0.005893898012544273,74.69790345776075,28.09,False,0.0
58.62990153899955,74.79,75.0,0.6478675516899367,host,predictive,host,0,264,74.791,74.791,True,18156.905490605,1.0,host,263,0.29999247195437695,0.00016201236925602022,0.29838020500028506,0.30162619600014295,base,80.0,150.0,2.0,30.0,1.0,0.6478667985506008,0.0059366075093886805,74.71527002103728,28.09,False,0.0
59.130845576000866,74.81,75.0,0.6462653543907836,host,predictive,host,0,266,74.826,74.826,True,18157.505454378,1.0,host,265,0.29999239206414885,0.00016143439695176165,0.29838020500028506,0.30162619600014295,base,80.0,150.0,2.0,30.0,1.0,0.6462579283322555,0.006015612421241048,74.74308302707838,28.09,False,0.0
59.63166433100196,74.82,75.0,0.6448310063324941,host,predictive,host,0,268,74.826,74.826,True,18158.105391013,1.0,host,267,0.29999221173033735,0.00016084382511211866,0.29838020500028506,0.30162619600014295,base,80.0,150.0,2.0,30.0,1.0,0.6448265320147591,0.006086578578713665,74.76787294612295,28.09,False,0.0
60.13263426599951,74.82,75.0,0.6444037537193866,host,predictive,host,0,269,74.826,74.826,True,18158.405327817,1.0,host,268,0.299992004985075,0.00016057900243037016,0.29838020500028506,0.30162619600014295,base,80.0,150.0,2.0,30.0,1.0,0.6443967431682682,0.006120254581047112,74.77549331777702,28.09,False,0.0
60.63372590899962,74.84,75.0,0.6431982909895476,host,predictive,host,0,271,74.826,74.826,True,18159.005435518,1.0,host,270,0.2999924631000023,0.00016009814787376392,0.29838020500028506,0.30162619600014295,base,80.0,150.0,2.0,30.0,1.0,0.6431988079353835,0.006182705413977395,74.7967459806826,28.09,False,0.0
61.134662864002166,74.85,75.0,0.6422980086976425,host,predictive,host,0,273,74.861,74.861,True,18159.60535461,1.0,host,272,0.2999922210625063,0.00015953753240626224,0.29838020500028506,0.30162619600014295,base,80.0,150.0,2.0,30.0,1.0,0.6423018503064385,0.006240050742447444,74.81249034060106,28.09,False,0.0
61.63534219400026,74.85,75.0,0.6419470511940185,host,predictive,host,0,274,74.861,74.861,True,18159.905343357,1.0,host,273,0.2999922083370011,0.00015924520935620224,0.29838020500028506,0.30162619600014295,base,80.0,150.0,2.0,30.0,1.0,0.6419493953798132,0.006267236927582823,74.81875876576414,28.09,False,0.0
62.13619169600133,74.85,75.0,0.6416418707560846,host,predictive,host,0,276,74.826,74.826,True,18160.505380842,1.0,host,275,0.29999240131273536,0.00015868734453640645,0.29838020500028506,0.30162619600014295,base,80.0,150.0,2.0,30.0,1.0,0.6416485440785344,0.00632065141396645,74.82461227548004,28.09,False,0.0
62.63745996000216,74.84,75.0,0.6414587624933242,host,predictive,host,0,278,74.826,74.826,True,18161.105307767,1.0,host,277,0.2999921923682345,0.00015817934167307565,0.29838020500028506,0.30162619600014295,base,80.0,150.0,2.0,30.0,1.0,0.6414562071139492,0.0063720318873672155,74.82827129885737,28.09,False,0.0
63.138408266000624,74.83,75.0,0.6415960936903945,host,predictive,host,0,280,74.826,74.826,True,18161.705313474,1.0,host,279,0.29999226879212315,0.00015778691445849654,0.29838020500028506,0.30162619600014295,base,80.0,150.0,2.0,30.0,1.0,0.6416000848715073,0.006423890623209274,74.82679643264781,28.09,False,0.0
63.63977824000176,74.83,75.0,0.6416571297779813,host,predictive,host,0,281,74.826,74.826,True,18162.005390615,1.0,host,280,0.2999925719071406,0.00015758625483437404,0.29838020500028506,0.30162619600014295,base,80.0,150.0,2.0,30.0,1.0,0.6416641704463149,0.006449959238315114,74.82620923262773,28.09,False,0.0
64.14090418900014,74.83,75.0,0.6417792019531549,host,predictive,host,0,283,74.826,74.826,True,18162.60533648,1.0,host,282,0.29999243262056635,0.00015709876381814802,0.29838020500028506,0.30162619600014295,base,80.0,150.0,2.0,30.0,1.0,0.6417783446414289,0.0065023133421202115,74.82526881641265,28.09,False,0.0
64.64175029100079,74.81,75.0,0.6424048218509194,host,predictive,host,0,285,74.826,74.826,True,18163.205262785,1.0,host,284,0.2999922264225336,0.00015656438308850272,0.29838020500028506,0.30162619600014295,base,80.0,150.0,2.0,30.0,1.0,0.6424022884284318,0.006556980908746541,74.81552002882002,28.09,False,0.0
65.14267395199931,74.8,75.0,0.6426642252231632,host,predictive,host,0,286,74.791,74.791,True,18163.505318096,1.0,host,285,0.2999924477719268,0.0001563339769432592,0.29838020500028506,0.30162619600014295,base,80.0,150.0,2.0,30.0,1.0,0.6426693294279597,0.00658523510858209,74.811638667763,28.09,False,0.0
65.64340840300065,74.79,75.0,0.6431067368581674,host,predictive,host,0,288,74.791,74.791,True,18164.105277119,1.0,host,287,0.2999923576236979,0.0001558969820065404,0.29838020500028506,0.30162619600014295,base,80.0,150.0,2.0,30.0,1.0,0.6431110501172251,0.006643177031228349,74.80542256634976,28.09,False,0.0
66.14435720899928,74.78,75.0,0.643732356755932,host,predictive,host,0,290,74.791,74.791,True,18164.70533917,1.0,host,289,0.2999926252214527,0.00015538991031862603,0.29838020500028506,0.30162619600014295,base,80.0,150.0,2.0,30.0,1.0,0.6437262487402942,0.0067033422691585255,74.79595071252562,28.09,False,0.0
66.64480195800206,74.78,75.0,0.6438544289311056,host,predictive,host,0,291,74.791,74.791,True,18165.005311746,1.0,host,290,0.29999255608621284,0.00015512621765594454,0.29838020500028506,0.30162619600014295,base,80.0,150.0,2.0,30.0,1.0,0.6438552783312179,0.006734122988988241,74.79479520113523,28.09,False,0.0
67.14608683100232,74.77,75.0,0.6443121995880065,host,predictive,host,0,293,74.791,74.791,True,18165.605219425,1.0,host,292,0.2999922909041136,0.0001546339334808214,0.29838020500028506,0.30162619600014295,base,80.0,150.0,2.0,30.0,1.0,0.6443075583414409,0.00679684122748801,74.78807776673686,28.09,False,0.0
67.64706228000068,74.77,75.0,0.6446784161135272,host,predictive,host,0,295,74.791,74.791,True,18166.205233668,1.0,host,294,0.2999923917925157,0.00015412996812855345,0.29838020500028506,0.30162619600014295,base,80.0,150.0,2.0,30.0,1.0,0.644680530802973,0.006861173188062731,74.78310136893832,28.09,False,0.0
68.14832551099971,74.75,75.0,0.6452429999237049,host,predictive,host,0,296,74.756,74.756,True,18166.505155471,1.0,host,295,0.29999215250847927,0.00015392320038283195,0.29838020500028506,0.30162619600014295,base,80.0,150.0,2.0,30.0,1.0,0.6452426007500032,0.0068950731910889075,74.77399997982549,28.09,False,0.0
68.6491613879989,74.74,75.0,0.6462043183031968,host,predictive,host,0,298,74.756,74.756,True,18167.105119409,1.0,host,297,0.29999208393266064,0.0001535731071516043,0.29838020500028506,0.30162619600014295,base,80.0,150.0,2.0,30.0,1.0,0.6462056224051697,0.006966234659836295,74.75942386673123,28.09,False,0.0
69.15019401500103,74.73,75.0,0.6469520103761349,host,predictive,host,0,300,74.721,74.721,True,18167.705099142,1.0,host,299,0.2999920691003368,0.00015308823550547228,0.29838020500028506,0.30162619600014295,base,80.0,150.0,2.0,30.0,1.0,0.6469447325196263,0.0070408977326295525,74.74862561656427,28.09,False,0.0
69.65152437600045,74.71,75.0,0.6475165941863127,host,predictive,host,0,301,74.721,74.721,True,18168.005103423,1.0,host,300,0.29999210980666274,0.00015283449633017221,0.29838020500028506,0.30162619600014295,base,80.0,150.0,2.0,30.0,1.0,0.6475186139849234,0.00707997939262294,74.73945560004408,28.09,False,0.0
70.15249770399896,74.71,75.0,0.6482490272373541,host,predictive,host,0,303,74.721,74.721,True,18168.605081863,1.0,host,302,0.2999920906688736,0.0001523469736824512,0.29838020500028506,0.30162619600014295,base,80.0,150.0,2.0,30.0,1.0,0.6482450107317259,0.007160170044455706,74.72896193604721,28.09,False,0.0
70.65387627900054,74.69,75.0,0.649057755397879,host,predictive,host,0,305,74.721,74.721,True,18169.205093384,1.0,host,304,0.29999218060197597,0.00015185470518734194,0.29838020500028506,0.30162619600014295,base,80.0,150.0,2.0,30.0,1.0,0.6490633579413558,0.00724424105531885,74.71699568086852,28.09,False,0.0
71.15482220800186,74.69,75.0,0.6493934538796063,host,predictive,host,0,306,74.686,74.686,True,18169.505109659,1.0,host,305,0.29999225960000064,0.0001516118154571298,0.29838020500028506,0.30162619600014295,base,80.0,150.0,2.0,30.0,1.0,0.6494005549596654,0.00728740633600431,74.71223146209694,28.09,False,0.0
71.65543645900107,74.69,75.0,0.6499580376897841,host,predictive,host,0,308,74.686,74.686,True,18170.105048019,1.0,host,307,0.29999210924429776,0.00015113007244213015,0.29838020500028506,0.30162619600014295,base,80.0,150.0,2.0,30.0,1.0,0.6499611986201933,0.007375496490715661,74.70460144092552,28.09,False,0.0
72.15665065199937,74.68,75.0,0.6504005493247883,host,predictive,host,0,310,74.686,74.686,True,18170.705050824,1.0,host,309,0.29999216939482093,0.0001506504833471275,0.29838020500028506,0.30162619600014295,base,80.0,150.0,2.0,30.0,1.0,0.6504033253595505,0.00746541959724559,74.69894898221753,28.09,False,0.0
72.65712061200247,74.69,75.0,0.6503242542153048,host,predictive,host,0,311,74.686,74.686,True,18171.005069707,1.0,host,310,0.29999225556774417,0.00015041493006474665,0.29838020500028506,0.30162619600014295,base,80.0,150.0,2.0,30.0,1.0,0.6503196428841316,0.007510184194844636,74.70156934933969,28.09,False,0.0
73.15826382500018,74.67,75.0,0.6512092774853132,host,predictive,host,0,313,74.652,74.652,True,18171.605048123,1.0,host,312,0.29999223603205755,0.00014996851759624177,0.29838020500028506,0.30162619600014295,base,80.0,150.0,2.0,30.0,1.0,0.6512127030064687,0.007602926654033058,74.68763586157736,28.09,False,0.0
73.65871650500048,74.66,75.0,0.6519417105363546,host,predictive,host,0,315,74.652,74.652,True,18172.205070471,1.0,host,314,0.2999923566560587,0.0001494977573087472,0.29838020500028506,0.30162619600014295,base,80.0,150.0,2.0,30.0,1.0,0.6519457346565646,0.007699016340071747,74.67731367996538,28.09,False,0.0
74.15981437600203,74.66,75.0,0.6522468909742886,host,predictive,host,0,316,74.652,74.652,True,18172.504961317,1.0,host,315,0.29999203440000605,0.0001493694646473439,0.29838020500028506,0.30162619600014295,base,80.0,150.0,2.0,30.0,1.0,0.6522494129878804,0.007748035735712374,74.67320402906249,28.09,False,0.0
74.66021914299927,74.63,75.0,0.6532845044632639,host,predictive,host,0,318,74.652,74.652,True,18173.10496925,1.0,host,317,0.2999921096813844,0.0001489290958682956,0.29838020500028506,0.30162619600014295,base,80.0,150.0,2.0,30.0,1.0,0.6532840785160847,0.007849684179617246,74.65755170456977,28.09,False,0.0
75.16095717600183,74.61,75.0,0.6546272983901732,host,predictive,host,0,320,74.582,74.582,True,18173.704972327,1.0,host,319,0.29999216879623786,0.00014847941414664468,0.29838020500028506,0.30162619600014295,base,80.0,150.0,2.0,30.0,1.0,0.6546306629163036,0.007957185438695363,74.6368818380672,28.09,False,0.0
75.66245117500148,74.6,75.0,0.655191882200351,host,predictive,host,0,321,74.582,74.582,True,18174.004996419,1.0,host,320,0.29999226855625266,0.00014825794061808882,0.29838020500028506,0.30162619600014295,base,80.0,150.0,2.0,30.0,1.0,0.6551924817699634,0.008012887581329124,74.6286523824416,28.09,False,0.0
76.16352312000163,74.59,75.0,0.6561226825360494,host,predictive,host,0,323,74.582,74.582,True,18174.604923114,1.0,host,322,0.299992088922358,0.00014781813347075338,0.29838020500028506,0.30162619600014295,base,80.0,150.0,2.0,30.0,1.0,0.6561199238839122,0.008127331293627279,74.61547269366929,28.09,False,0.0
76.66444857600072,74.57,75.0,0.6571145189593347,host,predictive,host,0,325,74.582,74.582,True,18175.204896766,1.0,host,324,0.2999920564351907,0.0001475067945810044,0.29838020500028506,0.30162619600014295,base,80.0,150.0,2.0,30.0,1.0,0.6571133423497586,0.008245672972895354,74.60083011045629,28.09,False,0.0
77.16603442600172,74.56,75.0,0.6576638437476158,host,predictive,host,0,326,74.547,74.547,True,18175.504904413,1.0,host,325,0.29999210440615315,0.0001472822174107527,0.29838020500028506,0.30162619600014295,base,80.0,150.0,2.0,30.0,1.0,0.6576703019499702,0.008306761441401037,74.59274354329544,28.09,False,0.0
77.66791256099896,74.55,75.0,0.6585946440833143,host,predictive,host,0,328,74.547,74.547,True,18176.104845309,1.0,host,327,0.2999919719510742,0.00019799555003041885,0.2982721719999972,0.3016687240015017,base,80.0,150.0,2.0,30.0,1.0,0.6585952715784731,0.008431925031713904,74.57979269414268,28.09,False,0.0
78.16753349600185,74.55,75.0,0.659311818112459,host,predictive,host,0,330,74.547,74.547,True,18176.704857007,1.0,host,329,0.2999920563100325,0.00019739830670717184,0.2982721719999972,0.3016687240015017,base,80.0,150.0,2.0,30.0,1.0,0.6593192594642553,0.008560199790655709,74.57019846911702,28.09,False,0.0
78.66868378900108,74.56,75.0,0.6593575951781491,host,predictive,host,0,331,74.547,74.547,True,18177.004889343,1.0,host,330,0.2999921783696969,0.00019711142547433272,0.2982721719999972,0.3016687240015017,base,80.0,150.0,2.0,30.0,1.0,0.6593520005648046,0.008624511169422014,74.5712574748913,28.09,False,0.0
79.16950164399896,74.55,75.0,0.6599221789883268,host,predictive,host,0,333,74.547,74.547,True,18177.604856743,1.0,host,332,0.29999212729518465,0.00019652639397621887,0.2982721719999972,0.3016687240015017,base,80.0,150.0,2.0,30.0,1.0,0.6599161652599869,0.008754836334948193,74.56387542317808,28.09,False,0.0
79.67010461999962,74.56,75.0,0.6601205462729839,host,predictive,host,0,335,74.547,74.547,True,18178.204836793,1.0,host,334,0.29999211470658904,0.00019594010381713517,0.2982721719999972,0.3016687240015017,base,80.0,150.0,2.0,30.0,1.0,0.6601220546528878,0.008886203058411304,74.56328549439046,28.09,False,0.0
80.17107611200117,74.55,75.0,0.6603494316014343,host,predictive,host,0,336,74.582,74.582,True,18178.504804701,1.0,host,335,0.29999204244775896,0.00019565189408957053,0.2982721719999972,0.3016687240015017,base,80.0,150.0,2.0,30.0,1.0,0.6603425265451301,0.00895213876949494,74.56042859277576,28.09,False,0.0
80.67248065400054,74.57,75.0,0.6602426184481575,host,predictive,host,0,338,74.582,74.582,True,18179.104808354,1.0,host,337,0.29999210051335745,0.00019510920482792774,0.2982721719999972,0.3016687240015017,base,80.0,150.0,2.0,30.0,1.0,0.6602376877312373,0.009082971809755456,74.56493126720088,28.09,False,0.0
81.1736569450004,74.57,75.0,0.6601815823605707,host,predictive,host,0,340,74.582,74.582,True,18179.704809458,1.0,host,339,0.299992150374629,0.00019453392716018623,0.2982721719999972,0.3016687240015017,base,80.0,150.0,2.0,30.0,1.0,0.6601755301219907,0.009212723177358642,74.5682669304568,28.09,False,0.0
81.67478896200191,74.56,75.0,0.6604409857328145,host,predictive,host,0,341,74.582,74.582,True,18180.00479705,1.0,host,340,0.2999921369676541,0.00019424779403989356,0.2982721719999972,0.3016687240015017,base,80.0,150.0,2.0,30.0,1.0,0.6604354124443776,0.009278015754178824,74.56471615453212,28.09,False,0.0
82.17585880900151,74.55,75.0,0.6609292744335088,host,predictive,host,0,343,74.547,74.547,True,18180.604738367,1.0,host,342,0.2999920113625781,0.00019369419378648703,0.2982721719999972,0.3016687240015017,base,80.0,150.0,2.0,30.0,1.0,0.6609228667904591,0.009409912334092834,74.55902949386868,28.09,False,0.0
82.67683157099964,74.55,75.0,0.6613260090028229,host,predictive,host,0,345,74.547,74.547,True,18181.204729116,1.0,host,344,0.29999203091570387,0.00019315472990531546,0.2982721719999972,0.3016687240015017,base,80.0,150.0,2.0,30.0,1.0,0.6613243238582364,0.00954317501441083,74.55481671203437,28.09,False,0.0
83.17810834400007,74.55,75.0,0.6614938582436866,host,predictive,host,0,346,74.547,74.547,True,18181.504637767,1.0,host,345,0.29999178923478587,0.00019292667339305836,0.2982721719999972,0.3016687240015017,base,80.0,150.0,2.0,30.0,1.0,0.6614993417745441,0.00961020409777314,74.55313944425127,28.09,False,0.0
83.67946331100029,74.55,75.0,0.6615548943312733,host,predictive,host,0,348,74.547,74.547,True,18182.104733896,1.0,host,347,0.2999921135879025,0.00019241738524711067,0.2982721719999972,0.3016687240015017,base,80.0,150.0,2.0,30.0,1.0,0.6615541257361326,0.009743520026825275,74.55465250353312,28.09,False,0.0
84.1807376550023,74.57,75.0,0.6613565270466163,host,predictive,host,0,350,74.582,74.582,True,18182.704748827,1.0,host,349,0.29999220156447165,0.00019192496520894204,0.2982721719999972,0.3016687240015017,base,80.0,150.0,2.0,30.0,1.0,0.6613595663456052,0.009875740650821627,74.56065223504565,28.09,False,0.0
84.68167750400244,74.57,75.0,0.6612802319371328,host,predictive,host,0,351,74.582,74.582,True,18183.004703358,1.0,host,350,0.2999920939342911,0.00019166113786897246,0.2982721719999972,0.3016687240015017,base,80.0,150.0,2.0,30.0,1.0,0.6612853574318523,0.009941284507559439,74.56304095508125,28.09,False,0.0
85.18276331900051,74.57,75.0,0.6611886778057526,host,predictive,host,0,353,74.582,74.582,True,18183.604697266,1.0,host,352,0.29999212154829885,0.00019111630625182608,0.2982721719999972,0.3016687240015017,base,80.0,150.0,2.0,30.0,1.0,0.6611936782624314,0.010071489982819667,74.56686655279582,28.09,False,0.0
85.68383413099946,74.58,75.0,0.6611581597619592,host,predictive,host,0,355,74.582,74.582,True,18184.204719802,1.0,host,354,0.2999922297203433,0.00019061985928941867,0.2982721719999972,0.3016687240015017,base,80.0,150.0,2.0,30.0,1.0,0.6611614089114886,0.010200776438835974,74.56970062528777,28.09,False,0.0
86.18482197300182,74.58,75.0,0.6611581597619592,host,predictive,host,0,356,74.582,74.582,True,18184.504693999,1.0,host,355,0.29999217892394214,0.0001903535905574726,0.2982721719999972,0.3016687240015017,base,80.0,150.0,2.0,30.0,1.0,0.6611625754648877,0.01026515209232551,74.57082897673644,28.09,False,0.0
86.68574272399928,74.59,75.0,0.660669871061265,host,predictive,host,0,358,74.582,74.582,True,18185.104609834,1.0,host,357,0.2999919869831983,0.00018983721772423458,0.2982721719999972,0.3016687240015017,base,80.0,150.0,2.0,30.0,1.0,0.6606661910820477,0.010391393985464934,74.58171040046338,28.09,False,0.0
87.18680268599928,74.62,75.0,0.6597848477912566,host,predictive,host,0,360,74.652,74.652,True,18185.704648624,1.0,host,359,0.29999213967409555,0.00018932159960393164,0.2982721719999972,0.3016687240015017,base,80.0,150.0,2.0,30.0,1.0,0.6597839849547665,0.010512930031640824,74.59884216833802,28.09,False,0.0
87.68788223000229,74.63,75.0,0.6594338902876326,host,predictive,host,0,361,74.652,74.652,True,18186.00475749,1.0,host,360,0.2999924639138956,0.00018915825992941757,0.2982721719999972,0.3016687240015017,base,80.0,150.0,2.0,30.0,1.0,0.6594327620396617,0.01057208058567842,74.60566297308269,28.09,False,0.0
88.18901989900041,74.64,75.0,0.6588998245212482,host,predictive,host,0,363,74.652,74.652,True,18186.604583878,1.0,host,362,0.299992025958568,0.00018876597794782035,0.2982721719999972,0.3016687240015017,base,80.0,150.0,2.0,30.0,1.0,0.6588928718395475,0.010687862530973622,74.6165866705666,28.09,False,0.0
88.68985654200151,74.65,75.0,0.6582589456015869,host,predictive,host,0,365,74.652,74.652,True,18187.204654214,1.0,host,364,0.29999226300275306,0.0001883078649529252,0.2982721719999972,0.3016687240015017,base,80.0,150.0,2.0,30.0,1.0,0.658252296233327,0.010800289365364866,74.62955196303653,28.09,False,0.0
89.19086562899975,74.65,75.0,0.6581368734264134,host,predictive,host,0,366,74.652,74.652,True,18187.504668295,1.0,host,365,0.2999923227780879,0.00018805319015817646,0.2982721719999972,0.3016687240015017,base,80.0,150.0,2.0,30.0,1.0,0.6581320526890038,0.010855475094614757,74.63209513833407,28.09,False,0.0
89.69153074299902,74.67,75.0,0.6574807354848554,host,predictive,host,0,368,74.652,74.652,True,18188.104499818,1.0,host,367,0.2999919055504117,0.00018762505002124522,0.2982721719999972,0.3016687240015017,base,80.0,150.0,2.0,30.0,1.0,0.6574753291361742,0.010962816312603022,74.64523499214351,28.09,False,0.0
90.19254850099969,74.69,75.0,0.6564736400396735,host,predictive,host,0,370,74.721,74.721,True,18188.704506869,1.0,host,369,0.29999196853116317,0.00018745969364179744,0.2982721719999972,0.3016687240015017,base,80.0,150.0,2.0,30.0,1.0,0.6564704651654877,0.011064910856506833,74.66403241767055,28.09,False,0.0
90.69272210100098,74.71,75.0,0.6558022430762188,host,predictive,host,0,371,74.721,74.721,True,18189.004609322,1.0,host,370,0.2999922671378416,0.00018729405471074967,0.2982721719999972,0.3016687240015017,base,80.0,150.0,2.0,30.0,1.0,0.6557979717633742,0.01111345307352461,74.67638521988148,28.09,False,0.0
91.19366405500114,74.71,75.0,0.6552224002441444,host,predictive,host,0,373,74.721,74.721,True,18189.604551266,1.0,host,372,0.299992152647847,0.00018681349079208997,0.2982721719999972,0.3016687240015017,base,80.0,150.0,2.0,30.0,1.0,0.6552200736822655,0.01120806443156319,74.68710907395723,28.09,False,0.0
91.69460451600025,74.75,75.0,0.6537880521858549,host,predictive,host,0,375,74.721,74.721,True,18190.204487198,1.0,host,374,0.29999202330748753,0.00018645904193277898,0.2982721719999972,0.3016687240015017,base,80.0,150.0,2.0,30.0,1.0,0.6537863620146546,0.0112959219652287,74.71316877424435,28.09,False,0.0
92.19568313499985,74.76,75.0,0.6531929503318837,host,predictive,host,0,376,74.791,74.791,True,18190.504509841,1.0,host,375,0.29999210496000434,0.00018621695920324302,0.2982721719999972,0.3016687240015017,base,80.0,150.0,2.0,30.0,1.0,0.6531994948391818,0.011337390346245807,74.72354412655261,28.09,False,0.0
92.6966681619997,74.79,75.0,0.6520027466239414,host,predictive,host,0,378,74.791,74.791,True,18191.104515064,1.0,host,377,0.2999921606976102,0.00018572395861581577,0.2982721719999972,0.3016687240015017,base,80.0,150.0,2.0,30.0,1.0,0.6520029681169411,0.011415765395105935,74.74502539922327,28.09,False,0.0
93.19773731900204,74.8,75.0,0.6508583199816892,host,predictive,host,0,380,74.826,74.826,True,18191.704517673,1.0,host,379,0.2999922089498669,0.00018538346687335794,0.2982721719999972,0.3016687240015017,base,80.0,150.0,2.0,30.0,1.0,0.6508584482328945,0.011487622204307855,74.76512635340183,28.09,False,0.0
93.69882683600008,74.82,75.0,0.6501411459525445,host,predictive,host,0,381,74.826,74.826,True,18192.004435102,1.0,host,380,0.2999920121605295,0.00018517901449225695,0.2982721719999972,0.3016687240015017,base,80.0,150.0,2.0,30.0,1.0,0.6501379422885271,0.011520923373679883,74.77799220418648,28.09,False,0.0
94.19986894600152,74.84,75.0,0.6489509422446021,host,predictive,host,0,383,74.861,74.861,True,18192.604437366,1.0,host,382,0.2999920599083803,0.00018470047273732448,0.2982721719999972,0.3016687240015017,base,80.0,150.0,2.0,30.0,1.0,0.648951837965109,0.011582773901802915,74.79859720126615,28.09,False,0.0
94.7014258900017,74.87,75.0,0.6475623712520028,host,predictive,host,0,385,74.861,74.861,True,18193.20436199,1.0,host,384,0.2999919049713548,0.00018423248520558794,0.2982721719999972,0.3016687240015017,base,80.0,150.0,2.0,30.0,1.0,0.6475595144023343,0.011637588657403051,74.8229065338708,28.09,False,0.0
95.2023786710015,74.87,75.0,0.646997787441825,host,predictive,host,0,386,74.895,74.895,True,18193.504417103,1.0,host,385,0.2999920691480499,0.000184021191480124,0.2982721719999972,0.3016687240015017,base,80.0,150.0,2.0,30.0,1.0,0.6469971763611535,0.011662700907612652,74.83258499860267,28.09,False,0.0
95.703568920002,74.89,75.0,0.6458533607995728,host,predictive,host,0,388,74.895,74.895,True,18194.10445385,1.0,host,387,0.2999922050878547,0.00018355654583670423,0.2982721719999972,0.3016687240015017,base,80.0,150.0,2.0,30.0,1.0,0.6458491445488854,0.011707994642757284,74.85226746656807,28.09,False,0.0
96.20461211099973,74.91,75.0,0.644739452201114,host,predictive,host,0,390,74.93,74.93,True,18194.704418131,1.0,host,389,0.29999215334190693,0.0001831168794010932,0.2982721719999972,0.3016687240015017,base,80.0,150.0,2.0,30.0,1.0,0.644735092952084,0.011747831234380758,74.87170756620225,28.09,False,0.0
96.70557314100006,74.93,75.0,0.6440070191500725,host,predictive,host,0,391,74.93,74.93,True,18195.004350557,1.0,host,390,0.2999920001948716,0.00018290690577610867,0.2982721719999972,0.3016687240015017,base,80.0,150.0,2.0,30.0,1.0,0.6440137703837944,0.011765185572074201,74.88430441537704,28.09,False,0.0
97.20666687600169,74.94,75.0,0.6428168154421302,host,predictive,host,0,393,74.965,74.965,True,18195.604344641,1.0,host,392,0.29999202591836993,0.00018244149777611052,0.2982721719999972,0.3016687240015017,base,80.0,150.0,2.0,30.0,1.0,0.6428193930148597,0.011795241788583533,74.9044785993315,28.09,False,0.0
97.70709359800094,74.96,75.0,0.641672388799878,host,predictive,host,0,395,74.965,74.965,True,18196.204390569,1.0,host,394,0.29999218296447044,0.00018203177438309636,0.2982721719999972,0.3016687240015017,base,80.0,150.0,2.0,30.0,1.0,0.6416666818358018,0.011819723323965928,74.92427905913028,28.09,False,0.0
98.2083111819993,74.97,75.0,0.6410620279240101,host,predictive,host,0,396,75.0,75.0,True,18196.504394093,1.0,host,395,0.2999922116759533,0.00018180210165881196,0.2982721719999972,0.3016687240015017,base,80.0,150.0,2.0,30.0,1.0,0.6410622852317623,0.011829562097654317,74.93440817541074,28.09,False,0.0
98.70856756899957,74.97,75.0,0.6406195162890058,host,predictive,host,0,398,75.0,75.0,True,18197.104307504,1.0,host,397,0.2999920328035275,0.0001813663791191908,0.2982721719999972,0.3016687240015017,base,80.0,150.0,2.0,30.0,1.0,0.6406145578305,0.011847581941523522,74.94159637768912,28.09,False,0.0
99.209799070999,74.98,75.0,0.6397802700846875,host,predictive,host,0,400,75.0,75.0,True,18197.704344163,1.0,host,399,0.2999921646165461,0.00018097625503043,0.2982721719999972,0.3016687240015017,base,80.0,150.0,2.0,30.0,1.0,0.6397842485945662,0.011861791636323449,74.9559553717092,28.09,False,0.0
99.71110937699996,75.0,75.0,0.6391699092088197,host,predictive,host,0,401,75.0,75.0,True,18198.004322683,1.0,host,400,0.29999213050499784,0.00018075117744601133,0.2982721719999972,0.3016687240015017,base,80.0,150.0,2.0,30.0,1.0,0.6391730333957037,0.011866812835548975,74.9665253384965,28.09,False,0.0
100.21242422300202,75.01,75.0,0.638147554741741,host,predictive,host,0,403,75.035,75.035,True,18198.604266098,1.0,host,402,0.2999920288980075,0.0001803508945471202,0.2982721719999972,0.3016687240015017,base,80.0,150.0,2.0,30.0,1.0,0.6381504868714095,0.011872951373984503,74.98345341720892,28.09,False,0.0
100.71371452200037,75.04,75.0,0.6368657969024185,host,predictive,host,0,405,75.035,75.035,True,18199.204307588,1.0,host,404,0.29999217105693043,0.00017995773450943812,0.2982721719999972,0.3016687240015017,base,80.0,150.0,2.0,30.0,1.0,0.6368656512488118,0.01187294163340899,75.00502064699353,28.09,False,0.0
101.21474416700221,75.05,75.0,0.6363469901579308,host,predictive,host,0,406,75.07,75.07,True,18199.504335354,1.0,host,405,0.29999225894567727,0.00017974410823484493,0.2982721719999972,0.3016687240015017,base,80.0,150.0,2.0,30.0,1.0,0.6363403466090303,0.011870900526876754,75.01360737688157,28.09,False,0.0
101.71556730900193,75.08,75.0,0.6349584191653315,host,predictive,host,0,408,75.07,75.07,True,18200.104361712,1.0,host,407,0.29999236174693356,0.00017931019110684637,0.2982721719999972,0.3016687240015017,base,80.0,150.0,2.0,30.0,1.0,0.6349564944800684,0.011862192455132344,75.0370557678418,28.09,False,0.0
102.21660115600025,75.08,75.0,0.6341496910048066,host,predictive,host,0,410,75.07,75.07,True,18200.704290028,1.0,host,409,0.299992223831296,0.0001789178384281161,0.2982721719999972,0.3016687240015017,base,80.0,150.0,2.0,30.0,1.0,0.6341516375504833,0.011848578495354445,75.04957947093125,28.09,False,0.0
102.71769003100053,75.1,75.0,0.6334325169756618,host,predictive,host,0,411,75.07,75.07,True,18201.004301574,1.0,host,410,0.29999227095854103,0.00017870205435753257,0.2982721719999972,0.3016687240015017,base,80.0,150.0,2.0,30.0,1.0,0.6334347570374361,0.011839330090830151,75.06165603016196,28.09,False,0.0
103.2187317200005,75.12,75.0,0.6322270542458228,host,predictive,host,0,413,75.139,75.139,True,18201.604287071,1.0,host,412,0.29999227327670247,0.00017826780411453713,0.2982721719999972,0.3016687240015017,base,80.0,150.0,2.0,30.0,1.0,0.632233712583424,0.011816372984256087,75.08099695614084,28.09,False,0.0
103.71940476600139,75.14,75.0,0.6310673685816739,host,predictive,host,0,415,75.139,75.139,True,18202.204235673,1.0,host,414,0.29999218645411196,0.00017784132034000637,0.2982721719999972,0.3016687240015017,base,80.0,150.0,2.0,30.0,1.0,0.631061789995273,0.011788042823233712,75.1001704298681,28.09,False,0.0
104.22048826000173,75.14,75.0,0.6307164110780499,host,predictive,host,0,416,75.139,75.139,True,18202.504327704,1.0,host,415,0.2999924270433717,0.00017769436663405368,0.2982721719999972,0.3016687240015017,base,80.0,150.0,2.0,30.0,1.0,0.6307130834121203,0.011772262812425629,75.10520007205389,28.09,False,0.0
104.72082206100094,75.15,75.0,0.629907682917525,host,predictive,host,0,418,75.139,75.139,True,18203.104242733,1.0,host,417,0.29999225959712256,0.00017729912955903745,0.2982721719999972,0.3016687240015017,base,80.0,150.0,2.0,30.0,1.0,0.6299149470666608,0.011738118362775302,75.11810053913376,28.09,False,0.0
105.22190323399991,75.16,75.0,0.6290379186694133,host,predictive,host,0,420,75.174,75.174,True,18203.704180332,1.0,host,419,0.29999214761575094,0.00017689404648807397,0.2982721719999972,0.3016687240015017,base,80.0,150.0,2.0,30.0,1.0,0.6290388240086797,0.011699522476790345,75.1318278830921,28.09,False,0.0
105.72345370200128,75.16,75.0,0.6286869611657893,host,predictive,host,0,421,75.174,75.174,True,18204.004191828,1.0,host,420,0.2999921936833358,0.0001766858492180463,0.2982721719999972,0.3016687240015017,base,80.0,150.0,2.0,30.0,1.0,0.6286834181054771,0.011678928488103193,75.13729325791435,28.09,False,0.0
106.22446754600242,75.17,75.0,0.6281071183337148,host,predictive,host,0,423,75.174,75.174,True,18204.604161342,1.0,host,422,0.2999921584383865,0.00017629386589002277,0.2982721719999972,0.3016687240015017,base,80.0,150.0,2.0,30.0,1.0,0.6281030994088881,0.011635721955830115,75.14604619886919,28.09,False,0.0
106.72566179299974,75.18,75.0,0.6273899443045701,host,predictive,host,0,425,75.174,75.174,True,18205.204089832,1.0,host,424,0.29999202677123055,0.00017588844235514616,0.2982721719999972,0.3016687240015017,base,80.0,150.0,2.0,30.0,1.0,0.6273900203055651,0.011589686198005005,75.15737397645238,28.09,False,0.0
107.22665855599917,75.19,75.0,0.6269474326695659,host,predictive,host,0,426,75.209,75.209,True,18205.504156505,1.0,host,425,0.2999922024094168,0.0001757186151051318,0.2982721719999972,0.3016687240015017,base,80.0,150.0,2.0,30.0,1.0,0.6269540798664994,0.011565067534453705,75.16412442367533,28.09,False,0.0
107.72751909900035,75.18,75.0,0.6267490653849088,host,predictive,host,0,428,75.209,75.209,True,18206.10415254,1.0,host,427,0.2999922296463708,0.00017530837295064294,0.2982721719999972,0.3016687240015017,base,80.0,150.0,2.0,30.0,1.0,0.6267460632804209,0.011516041234972092,75.16659621189608,28.09,False,0.0
108.2288559890003,75.19,75.0,0.6263218127718013,host,predictive,host,0,430,75.174,75.174,True,18206.704043733,1.0,host,429,0.2999920122424252,0.00017494661714880438,0.2982721719999972,0.3016687240015017,base,80.0,150.0,2.0,30.0,1.0,0.6263271056296406,0.011465068769514964,75.17259780053794,28.09,False,0.0
108.73031957200146,75.19,75.0,0.6260166323338674,host,predictive,host,0,431,75.174,75.174,True,18207.003998738,1.0,host,430,0.2999919261790726,0.0001747521642970159,0.2982721719999972,0.3016687240015017,base,80.0,150.0,2.0,30.0,1.0,0.626018106637941,0.011438484615940343,75.17722769049747,28.09,False,0.0
109.23146387000088,75.21,75.0,0.6252384222171359,host,predictive,host,0,433,75.209,75.209,True,18207.604072846,1.0,host,432,0.2999921351041667,0.00017438658914531056,0.2982721719999972,0.3016687240015017,base,80.0,150.0,2.0,30.0,1.0,0.6252382063585845,0.011382880099737211,75.18948410097194,28.09,False,0.0
109.73163152300185,75.22,75.0,0.6246433203631647,host,predictive,host,0,435,75.209,75.209,True,18208.204060476,1.0,host,434,0.2999921428456248,0.00017403559388786145,0.2982721719999972,0.3016687240015017,base,80.0,150.0,2.0,30.0,1.0,0.6246368450578054,0.011323706168879651,75.19788948799585,28.09,False,0.0
110.23258292800165,75.22,75.0,0.6242618448157473,host,predictive,host,0,436,75.244,75.244,True,18208.503983442,1.0,host,435,0.29999198381838915,0.0001738670042735109,0.2982721719999972,0.3016687240015017,base,80.0,150.0,2.0,30.0,1.0,0.624266206483887,0.011293130473673006,75.2038379680443,28.09,False,0.0
110.7338343770025,75.23,75.0,0.6236209658960861,host,predictive,host,0,438,75.244,75.244,True,18209.10395851,1.0,host,437,0.29999196345309237,0.00017347041071033554,0.2982721719999972,0.3016687240015017,base,80.0,150.0,2.0,30.0,1.0,0.6236190072670206,0.011229782100631336,75.21336461467486,28.09,False,0.0
111.23477824899965,75.24,75.0,0.6231174181734951,host,predictive,host,0,440,75.244,75.244,True,18209.703962849,1.0,host,439,0.29999200994988395,0.0001730761796390365,0.2982721719999972,0.3016687240015017,base,80.0,150.0,2.0,30.0,1.0,0.6231176527594291,0.011164145151467254,75.22042212808077,28.09,False,0.0
111.7361695130021,75.24,75.0,0.6229037918669413,host,predictive,host,0,441,75.244,75.244,True,18210.004002341,1.0,host,440,0.29999211786363833,0.00017289417545690436,0.2982721719999972,0.3016687240015017,base,80.0,150.0,2.0,30.0,1.0,0.6229100530938798,0.01113066035280296,75.2232319910953,28.09,False,0.0
