elapsed_s,temperature_c,target_c,power,controller_state,controller_algorithm,control_mode,fault,mcu_samples,mcu_temperature_c,mcu_temperature_estimate_c,mcu_temperature_valid,loop_clock,loop_clock_frequency,loop_clock_source,loop_dt_count,loop_dt_mean_s,loop_dt_stddev_s,loop_dt_min_s,loop_dt_max_s,thermal_model_source,thermal_model_gain,thermal_model_tau_s,thermal_model_delay_s,thermal_model_horizon_s,thermal_control_band_c,host_predictive_output,host_predictive_bias,host_predictive_filtered_temperature_c,host_predictive_ambient_c
0.001089371999114519,45.29,75.0,0.30000762951094834,host,predictive,host,0,1080,,58.541,False,17748.515793489,1.0,host,1079,0.29999193544022207,6.78243285285097e-05,0.29915881299893954,0.3008619350002846,base,80.0,150.0,2.0,30.0,1.0,0.3,0.0,,27.97
0.50061449200075,45.17,75.0,0.8999923704890517,host,predictive,host,0,1082,,51.513,False,17749.115758277,1.0,host,1081,0.2999919177872319,6.776295664618593e-05,0.29915881299893954,0.3008619350002846,base,80.0,150.0,2.0,30.0,1.0,0.8999999999999999,0.0,,27.97
1.001946546999534,45.1,75.0,1.0,host,predictive,host,0,1083,,51.513,False,17749.415748031,1.0,host,1082,0.29999191578742795,6.773166757074995e-05,0.29915881299893954,0.3008619350002846,base,80.0,150.0,2.0,30.0,1.0,1.0,0.0,,27.97
1.5036011490010424,44.94,75.0,1.0,host,predictive,host,0,1085,,51.373,False,17750.015742574,1.0,host,1084,0.2999919256688176,6.768532514200607e-05,0.29915881299893954,0.3008619350002846,base,80.0,150.0,2.0,30.0,1.0,1.0,0.0,,27.97
2.00474326100084,44.85,75.0,1.0,host,predictive,host,0,1087,,51.373,False,17750.615833277,1.0,host,1086,0.29999202405892966,6.780405988262924e-05,0.29915881299893954,0.3008619350002846,base,80.0,150.0,2.0,30.0,1.0,1.0,0.0,,27.97
2.5065039159999287,44.83,75.0,1.0,host,predictive,host,0,1088,,51.338,False,17750.915707835,1.0,host,1087,0.2999919159944787,6.786636378656133e-05,0.29915881299893954,0.3008619350002846,base,80.0,150.0,2.0,30.0,1.0,1.0,0.0,,27.97
3.006631363001361,44.81,75.0,1.0,host,predictive,host,0,1090,,51.338,False,17751.515751158,1.0,host,1089,0.2999919706235064,6.781695344398568e-05,0.29915881299893954,0.3008619350002846,base,80.0,150.0,2.0,30.0,1.0,1.0,0.0,,27.97
3.5074438369993004,44.87,75.0,1.0,host,predictive,host,0,1092,,51.408,False,17752.115692756,1.0,host,1091,0.299991931812098,6.776193367207678e-05,0.29915881299893954,0.3008619350002846,base,80.0,150.0,2.0,30.0,1.0,1.0,0.0,,27.97
4.008583032002207,44.9,75.0,1.0,host,predictive,host,0,1093,,51.408,False,17752.415683715,1.0,host,1092,0.29999193092124427,6.773090643103665e-05,0.29915881299893954,0.3008619350002846,base,80.0,150.0,2.0,30.0,1.0,1.0,0.0,,27.97
4.509783764999156,45.01,75.0,1.0,host,predictive,host,0,1095,,51.513,False,17753.015671644,1.0,host,1094,0.2999919346389379,6.774781343288973e-05,0.29915881299893954,0.3008619350002846,base,80.0,150.0,2.0,30.0,1.0,1.0,0.0,,27.97
5.011053862999688,45.15,75.0,1.0,host,predictive,host,0,1097,,51.513,False,17753.615653638,1.0,host,1096,0.2999919329279186,6.76909762711558e-05,0.29915881299893954,0.3008619350002846,base,80.0,150.0,2.0,30.0,1.0,1.0,0.0,,27.97
5.512649587999476,45.26,75.0,1.0,host,predictive,host,0,1098,,51.652,False,17753.915709666,1.0,host,1097,0.299991991355512,6.76877600994082e-05,0.29915881299893954,0.3008619350002846,base,80.0,150.0,2.0,30.0,1.0,1.0,0.0,,27.97
6.013574308999523,45.44,75.0,1.0,host,predictive,host,0,1100,,51.652,False,17754.515698184,1.0,host,1099,0.29999199548225597,6.77525770385754e-05,0.29915881299893954,0.3008619350002846,base,80.0,150.0,2.0,30.0,1.0,1.0,0.0,,27.97
6.51550578000024,45.66,75.0,1.0,host,predictive,host,0,1102,,51.931,False,17755.115685221,1.0,host,1101,0.29999199824886374,6.780230734221663e-05,0.29915881299893954,0.3008619350002846,base,80.0,150.0,2.0,30.0,1.0,1.0,0.0,,27.97
7.016694985999493,45.77,75.0,1.0,host,predictive,host,0,1103,,51.931,False,17755.41560628,1.0,host,1102,0.2999919338756785,6.780518916298346e-05,0.29915881299893954,0.3008619350002846,base,80.0,150.0,2.0,30.0,1.0,1.0,0.0,,27.97
7.517426530001103,45.99,75.0,1.0,host,predictive,host,0,1105,,52.105,False,17756.015559163,1.0,host,1104,0.29999190580978036,6.775012081239311e-05,0.29915881299893954,0.3008619350002846,base,80.0,150.0,2.0,30.0,1.0,1.0,0.0,,27.97
8.01858836899919,46.26,75.0,1.0,host,predictive,host,0,1107,,52.105,False,17756.615599798,1.0,host,1106,0.2999919571871582,6.77008746528018e-05,0.29915881299893954,0.3008619350002846,base,80.0,150.0,2.0,30.0,1.0,1.0,0.0,,27.97
8.51923987400005,46.37,75.0,1.0,host,predictive,host,0,1108,,52.349,False,17756.915612815,1.0,host,1107,0.2999919762113797,6.767324675501219e-05,0.29915881299893954,0.3008619350002846,base,80.0,150.0,2.0,30.0,1.0,1.0,0.0,,27.97
9.020294321999245,46.63,75.0,1.0,host,predictive,host,0,1110,,52.349,False,17757.515593114,1.0,host,1109,0.2999919729170407,6.762639254018598e-05,0.29915881299893954,0.3008619350002846,base,80.0,150.0,2.0,30.0,1.0,1.0,0.0,,27.97
9.521795717999339,46.88,75.0,1.0,host,predictive,host,0,1112,,52.628,False,17758.115605753,1.0,host,1111,0.29999199874347177,6.757330132352022e-05,0.29915881299893954,0.3008619350002846,base,80.0,150.0,2.0,30.0,1.0,1.0,0.0,,27.97
10.022863230002258,47.02,75.0,1.0,host,predictive,host,0,1113,,52.628,False,17758.415544476,1.0,host,1112,0.2999919508336315,6.756178607591001e-05,0.29915881299893954,0.3008619350002846,base,80.0,150.0,2.0,30.0,1.0,1.0,0.0,,27.97
10.52424641700054,47.28,75.0,1.0,host,predictive,host,0,1115,,52.872,False,17759.015512759,1.0,host,1114,0.2999919368132844,6.751240337552642e-05,0.29915881299893954,0.3008619350002846,base,80.0,150.0,2.0,30.0,1.0,1.0,0.0,,27.97
11.02550468499976,47.56,75.0,1.0,host,predictive,host,0,1117,,52.872,False,17759.615553128,1.0,host,1116,0.2999919874363768,6.751559490906927e-05,0.29915881299893954,0.3008619350002846,base,80.0,150.0,2.0,30.0,1.0,1.0,0.0,,27.97
11.52686560499933,47.69,75.0,1.0,host,predictive,host,0,1118,,53.116,False,17759.915450417,1.0,host,1117,0.2999919026571158,6.754476989691524e-05,0.29915881299893954,0.3008619350002846,base,80.0,150.0,2.0,30.0,1.0,1.0,0.0,,27.97
12.02721575599935,47.96,75.0,1.0,host,predictive,host,0,1120,,53.116,False,17760.515512313,1.0,host,1119,0.2999919724432504,6.750632767429736e-05,0.29915881299893954,0.3008619350002846,base,80.0,150.0,2.0,30.0,1.0,1.0,0.0,,27.97
12.528111662999436,48.24,75.0,1.0,host,predictive,host,0,1122,,53.429,False,17761.115515565,1.0,host,1121,0.2999919896663689,6.749966365506692e-05,0.29915881299893954,0.3008619350002846,base,80.0,150.0,2.0,30.0,1.0,1.0,0.0,,27.97
13.029250388000946,48.37,75.0,1.0,host,predictive,host,0,1123,,53.429,False,17761.415533972,1.0,host,1122,0.29999201321122687,6.747418204820987e-05,0.29915881299893954,0.3008619350002846,base,80.0,150.0,2.0,30.0,1.0,1.0,0.0,,27.97
13.529931461998785,48.67,75.0,1.0,host,predictive,host,0,1125,,53.708,False,17762.015520647,1.0,host,1124,0.2999920155676149,6.747258157449483e-05,0.29915881299893954,0.3008619350002846,base,80.0,150.0,2.0,30.0,1.0,1.0,0.0,,27.97
14.030976535999798,48.95,75.0,1.0,host,predictive,host,0,1127,,53.708,False,17762.615535582,1.0,host,1126,0.29999204301332094,6.749397155355553e-05,0.29915881299893954,0.3008619350002846,base,80.0,150.0,2.0,30.0,1.0,1.0,0.0,,27.97
14.53261361299883,49.09,75.0,1.0,host,predictive,host,0,1128,,53.952,False,17762.915486269,1.0,host,1127,0.29999200631765705,6.747525728133911e-05,0.29915881299893954,0.3008619350002846,base,80.0,150.0,2.0,30.0,1.0,1.0,0.0,,27.97
15.033883308999066,49.38,75.0,1.0,host,predictive,host,0,1130,,53.952,False,17763.515502582,1.0,host,1129,0.29999203492736665,6.765426055542297e-05,0.29915881299893954,0.3008619350002846,base,80.0,150.0,2.0,30.0,1.0,1.0,0.0,,27.97
15.53473549300179,49.65,75.0,1.0,host,predictive,host,0,1132,,54.335,False,17764.115551622,1.0,host,1131,0.2999920923722344,6.781483433359639e-05,0.29915881299893954,0.3008619350002846,base,80.0,150.0,2.0,30.0,1.0,1.0,0.0,,27.97
16.035873755001376,49.93,75.0,1.0,host,predictive,host,0,1134,,54.335,False,17764.715432911,1.0,host,1133,0.29999200155516337,6.779508376640256e-05,0.29915881299893954,0.3008619350002846,base,80.0,150.0,2.0,30.0,1.0,1.0,0.0,,27.97
16.537511834001634,50.08,75.0,1.0,host,predictive,host,0,1135,,54.579,False,17765.015475113,1.0,host,1134,0.2999920458236312,6.778156576035817e-05,0.29915881299893954,0.3008619350002846,base,80.0,150.0,2.0,30.0,1.0,1.0,0.0,,27.97
17.03863128300145,50.25,75.0,1.0,host,predictive,host,0,1137,,54.579,False,17765.61538897,1.0,host,1136,0.29999198399735766,6.783034645606735e-05,0.29915881299893954,0.3008619350002846,base,80.0,150.0,2.0,30.0,1.0,1.0,0.0,,27.97
17.54021204200035,50.36,75.0,1.0,host,predictive,host,0,1139,,54.684,False,17766.215324862,1.0,host,1138,0.2999919417513181,6.7784182878987e-05,0.29915881299893954,0.3008619350002846,base,80.0,150.0,2.0,30.0,1.0,1.0,0.0,,27.97
18.041452871999354,50.43,75.0,1.0,host,predictive,host,0,1140,,54.684,False,17766.515278121,1.0,host,1139,0.299991907789289,6.776410603479841e-05,0.29915881299893954,0.3008619350002846,base,80.0,150.0,2.0,30.0,1.0,1.0,0.0,,27.97
18.542923683999106,50.63,75.0,1.0,host,predictive,host,0,1142,,54.893,False,17767.11525922,1.0,host,1141,0.29999190540841364,6.771775958172151e-05,0.29915881299893954,0.3008619350002846,base,80.0,150.0,2.0,30.0,1.0,1.0,0.0,,27.97
19.042979351001122,50.86,75.0,1.0,host,predictive,host,0,1144,,54.893,False,17767.715305503,1.0,host,1143,0.29999196006474005,6.768279578179358e-05,0.29915881299893954,0.3008619350002846,base,80.0,150.0,2.0,30.0,1.0,1.0,0.0,,27.97
19.544641742999374,50.99,75.0,1.0,host,predictive,host,0,1145,,55.137,False,17768.015300344,1.0,host,1144,0.29999196258303984,6.765326124551052e-05,0.29915881299893954,0.3008619350002846,base,80.0,150.0,2.0,30.0,1.0,1.0,0.0,,27.97
20.045711258000665,51.26,75.0,1.0,host,predictive,host,0,1147,,55.137,False,17768.615202268,1.0,host,1146,0.29999189102879437,6.762392841924266e-05,0.29915881299893954,0.3008619350002846,base,80.0,150.0,2.0,30.0,1.0,1.0,0.0,,27.97
20.54757052900095,51.53,75.0,1.0,host,predictive,host,0,1149,,55.416,False,17769.21523119,1.0,host,1148,0.299991930349301,6.762055940805084e-05,0.29915881299893954,0.3008619350002846,base,80.0,150.0,2.0,30.0,1.0,1.0,0.0,,27.97
21.04847849699945,51.66,75.0,1.0,host,predictive,host,0,1150,,55.416,False,17769.515207919,1.0,host,1149,0.2999919171192338,6.759261359183676e-05,0.29915881299893954,0.3008619350002846,base,80.0,150.0,2.0,30.0,1.0,1.0,0.0,,27.97
21.550325292999332,51.93,75.0,1.0,host,predictive,host,0,1152,,55.764,False,17770.115255059,1.0,host,1151,0.29999197211989564,6.76272474790818e-05,0.29915881299893954,0.3008619350002846,base,80.0,150.0,2.0,30.0,1.0,1.0,0.0,,27.97
22.05125406300067,52.21,75.0,1.0,host,predictive,host,0,1154,,55.764,False,17770.715223122,1.0,host,1153,0.29999195834605147,6.757525274223379e-05,0.29915881299893954,0.3008619350002846,base,80.0,150.0,2.0,30.0,1.0,1.0,0.0,,27.97
22.55205687200214,52.33,75.0,1.0,host,predictive,host,0,1155,,56.078,False,17771.015254637,1.0,host,1154,0.2999919926239163,6.755599524865996e-05,0.29915881299893954,0.3008619350002846,base,80.0,150.0,2.0,30.0,1.0,1.0,0.0,,27.97
23.053240785000526,52.6,75.0,1.0,host,predictive,host,0,1157,,56.078,False,17771.615144755,1.0,host,1156,0.29999191142387416,6.752716036319906e-05,0.29915881299893954,0.3008619350002846,base,80.0,150.0,2.0,30.0,1.0,1.0,0.0,,27.97
23.553930772999593,52.85,75.0,1.0,host,predictive,host,0,1159,,56.322,False,17772.215097305,1.0,host,1158,0.2999918844179616,6.74723033812801e-05,0.29915881299893954,0.3008619350002846,base,80.0,150.0,2.0,30.0,1.0,1.0,0.0,,27.97
24.054972955000267,52.98,75.0,1.0,host,predictive,host,0,1160,,56.322,False,17772.515151822,1.0,host,1159,0.29999193845815303,6.746825560732834e-05,0.29915881299893954,0.3008619350002846,base,80.0,150.0,2.0,30.0,1.0,1.0,0.0,,27.97
24.55663735499911,53.24,75.0,1.0,host,predictive,host,0,1162,,56.67,False,17773.115138191,1.0,host,1161,0.29999194060464857,6.741082627596073e-05,0.29915881299893954,0.3008619350002846,base,80.0,150.0,2.0,30.0,1.0,1.0,0.0,,27.97
25.057592371998908,53.51,75.0,1.0,host,predictive,host,0,1164,,56.67,False,17773.715123418,1.0,host,1163,0.29999194176182,6.735284959699462e-05,0.29915881299893954,0.3008619350002846,base,80.0,150.0,2.0,30.0,1.0,1.0,0.0,,27.97
25.559268576998875,53.64,75.0,1.0,host,predictive,host,0,1165,,56.949,False,17774.015165231,1.0,host,1164,0.29999198460652904,6.73397651887863e-05,0.29915881299893954,0.3008619350002846,base,80.0,150.0,2.0,30.0,1.0,1.0,0.0,,27.97
26.06024535100005,53.86,75.0,1.0,host,predictive,host,0,1167,,56.949,False,17774.615132211,1.0,host,1166,0.2999919700360207,6.744321208292107e-05,0.29915881299893954,0.3008619350002846,base,80.0,150.0,2.0,30.0,1.0,1.0,0.0,,27.97
26.561905373000627,54.11,75.0,1.0,host,predictive,host,0,1169,,57.158,False,17775.215054489,1.0,host,1168,0.29999191724314855,6.740097338518177e-05,0.29915881299893954,0.3008619350002846,base,80.0,150.0,2.0,30.0,1.0,1.0,0.0,,27.97
27.06277489599961,54.24,75.0,1.0,host,predictive,host,0,1170,,57.158,False,17775.515037332,1.0,host,1169,0.29999190948075083,6.737266104595467e-05,0.29915881299893954,0.3008619350002846,base,80.0,150.0,2.0,30.0,1.0,1.0,0.0,,27.97
27.564468043001398,54.49,75.0,1.0,host,predictive,host,0,1172,,57.541,False,17776.115082457,1.0,host,1171,0.2999919618343278,6.73379406337576e-05,0.29915881299893954,0.3008619350002846,base,80.0,150.0,2.0,30.0,1.0,1.0,0.0,,27.97
28.06542673399963,54.74,75.0,1.0,host,predictive,host,0,1174,,57.541,False,17776.715045948,1.0,host,1173,0.2999919444151733,6.729824961464585e-05,0.29915881299893954,0.3008619350002846,base,80.0,150.0,2.0,30.0,1.0,1.0,0.0,,27.97
28.5671924269991,54.86,75.0,1.0,host,predictive,host,0,1175,,57.785,False,17777.015013507,1.0,host,1174,0.2999919236439508,6.727334306411483e-05,0.29915881299893954,0.3008619350002846,base,80.0,150.0,2.0,30.0,1.0,1.0,0.0,,27.97
29.068159853999532,55.11,75.0,1.0,host,predictive,host,0,1177,,57.785,False,17777.615065662,1.0,host,1176,0.2999919817287411,6.723250734562266e-05,0.29915881299893954,0.3008619350002846,base,80.0,150.0,2.0,30.0,1.0,1.0,0.0,,27.97
29.56977934400129,55.35,75.0,1.0,host,predictive,host,0,1179,,58.064,False,17778.215013167,1.0,host,1178,0.2999919507792845,6.718915686076617e-05,0.29915881299893954,0.3008619350002846,base,80.0,150.0,2.0,30.0,1.0,1.0,0.0,,27.97
30.070080962999782,55.48,75.0,1.0,host,predictive,host,0,1180,,58.064,False,17778.514994386,1.0,host,1179,0.29999194167684473,6.716138331742846e-05,0.29915881299893954,0.3008619350002846,base,80.0,150.0,2.0,30.0,1.0,1.0,0.0,,27.97
30.57074773400018,55.7,75.0,1.0,host,predictive,host,0,1182,,58.378,False,17779.115039324,1.0,host,1181,0.29999199337425664,6.711798970165603e-05,0.29915881299893954,0.3008619350002846,base,80.0,150.0,2.0,30.0,1.0,1.0,0.0,,27.97
31.071716979000485,55.94,75.0,1.0,host,predictive,host,0,1184,,58.378,False,17779.714940497,1.0,host,1183,0.29999192337108954,6.708580764523975e-05,0.29915881299893954,0.3008619350002846,base,80.0,150.0,2.0,30.0,1.0,1.0,0.0,,27.97
31.57346458200118,56.06,75.0,1.0,host,predictive,host,0,1185,,58.622,False,17780.015015614,1.0,host,1184,0.299991993635979,6.710100698741047e-05,0.29915881299893954,0.3008619350002846,base,80.0,150.0,2.0,30.0,1.0,1.0,0.0,,27.97
32.07490109400169,56.31,75.0,1.0,host,predictive,host,0,1187,,58.622,False,17780.614886398,1.0,host,1186,0.29999189818634064,6.70961230814283e-05,0.29915881299893954,0.3008619350002846,base,80.0,150.0,2.0,30.0,1.0,1.0,0.0,,27.97
32.575426293999044,56.52,75.0,1.0,host,predictive,host,0,1189,,58.9,False,17781.214980745,1.0,host,1188,0.2999919912424234,6.709670668993252e-05,0.29915881299893954,0.3008619350002846,base,80.0,150.0,2.0,30.0,1.0,1.0,0.0,,27.97
33.07572496600187,56.64,75.0,1.0,host,predictive,host,0,1190,,58.9,False,17781.514907265,1.0,host,1189,0.2999919361782984,6.709533355710572e-05,0.29915881299893954,0.3008619350002846,base,80.0,150.0,2.0,30.0,1.0,1.0,0.0,,27.97
33.576326686001266,56.87,75.0,1.0,host,predictive,host,0,1192,,59.214,False,17782.114970664,1.0,host,1191,0.29999200295129924,6.705923618685884e-05,0.29915881299893954,0.3008619350002846,base,80.0,150.0,2.0,30.0,1.0,1.0,0.0,,27.97
34.07668554200063,57.08,75.0,1.0,host,predictive,host,0,1194,,59.214,False,17782.714881248,1.0,host,1193,0.2999919414073758,6.702476445750727e-05,0.29915881299893954,0.3008619350002846,base,80.0,150.0,2.0,30.0,1.0,1.0,0.0,,27.97
34.5786587520015,57.2,75.0,1.0,host,predictive,host,0,1195,,59.458,False,17783.014875358,1.0,host,1194,0.2999919432236165,6.699672062649434e-05,0.29915881299893954,0.3008619350002846,base,80.0,150.0,2.0,30.0,1.0,1.0,0.0,,27.97
35.07988729000135,57.43,75.0,1.0,host,predictive,host,0,1197,,59.458,False,17783.614865301,1.0,host,1196,0.29999194828762293,6.700199652788139e-05,0.29915881299893954,0.3008619350002846,base,80.0,150.0,2.0,30.0,1.0,1.0,0.0,,27.97
35.581778555999335,57.64,75.0,1.0,host,predictive,host,0,1199,,59.737,False,17784.214801784,1.0,host,1198,0.29999190871035,6.698681549400533e-05,0.29915881299893954,0.3008619350002846,base,80.0,150.0,2.0,30.0,1.0,1.0,0.0,,27.97
36.082943752000574,57.75,75.0,1.0,host,predictive,host,0,1200,,59.737,False,17784.514794635,1.0,host,1199,0.29999190949624616,6.695888074042404e-05,0.29915881299893954,0.3008619350002846,base,80.0,150.0,2.0,30.0,1.0,1.0,0.0,,27.97
36.58377217499947,57.97,75.0,1.0,host,predictive,host,0,1202,,60.05,False,17785.114836761,1.0,host,1201,0.29999195804496154,6.697054414692448e-05,0.29915881299893954,0.3008619350002846,base,80.0,150.0,2.0,30.0,1.0,1.0,0.0,,27.97
37.08403916899988,58.17,75.0,1.0,host,predictive,host,0,1204,,60.05,False,17785.714749279,1.0,host,1203,0.2999918986949273,6.693241352382029e-05,0.29915881299893954,0.3008619350002846,base,80.0,150.0,2.0,30.0,1.0,1.0,0.0,,27.97
37.585656056002335,58.28,75.0,1.0,host,predictive,host,0,1205,,60.259,False,17786.014763951,1.0,host,1204,0.29999191760963295,6.690782828416691e-05,0.29915881299893954,0.3008619350002846,base,80.0,150.0,2.0,30.0,1.0,1.0,0.0,,27.97
38.08570790600061,58.48,75.0,1.0,host,predictive,host,0,1207,,60.259,False,17786.614764119,1.0,host,1206,0.2999919311525692,6.686342878225871e-05,0.29915881299893954,0.3008619350002846,base,80.0,150.0,2.0,30.0,1.0,1.0,0.0,,27.97
38.586622699000145,58.67,75.0,1.0,host,predictive,host,0,1209,,60.503,False,17787.214711373,1.0,host,1208,0.29999190084767985,6.682261769913904e-05,0.29915881299893954,0.3008619350002846,base,80.0,150.0,2.0,30.0,1.0,1.0,0.0,,27.97
39.08782712900211,58.77,75.0,1.0,host,predictive,host,0,1210,,60.503,False,17787.51473183,1.0,host,1209,0.2999919244673275,6.680002105423927e-05,0.29915881299893954,0.3008619350002846,base,80.0,150.0,2.0,30.0,1.0,1.0,0.0,,27.97
39.58940980400075,58.96,75.0,1.0,host,predictive,host,0,1212,,60.817,False,17788.114710443,1.0,host,1211,0.2999919201436802,6.683318236553096e-05,0.29915881299893954,0.3008619350002846,base,80.0,150.0,2.0,30.0,1.0,1.0,0.0,,27.97
40.09072645999913,59.14,75.0,1.0,host,predictive,host,0,1214,,60.817,False,17788.714747064,1.0,host,1213,0.2999919636562238,6.67870012060002e-05,0.29915881299893954,0.3008619350002846,base,80.0,150.0,2.0,30.0,1.0,1.0,0.0,,27.97
40.59241374500198,59.24,75.0,1.0,host,predictive,host,0,1215,,60.991,False,17789.014721559,1.0,host,1214,0.2999919492668854,6.676136955667489e-05,0.29915881299893954,0.3008619350002846,base,80.0,150.0,2.0,30.0,1.0,1.0,0.0,,27.97
41.09336962700036,59.44,75.0,1.0,host,predictive,host,0,1217,,60.991,False,17789.614749699,1.0,host,1216,0.299991985649671,6.671331665195934e-05,0.29915881299893954,0.3008619350002846,base,80.0,150.0,2.0,30.0,1.0,1.0,0.0,,27.97
41.59413256500193,59.63,75.0,1.0,host,predictive,host,0,1219,,61.27,False,17790.21472406,1.0,host,1218,0.2999919777594394,6.665880759935466e-05,0.29915881299893954,0.3008619350002846,base,80.0,150.0,2.0,30.0,1.0,1.0,0.0,,27.97
42.095286567000585,59.72,75.0,1.0,host,predictive,host,0,1220,,61.27,False,17790.514687872,1.0,host,1219,0.2999919546538138,6.663633969511843e-05,0.29915881299893954,0.3008619350002846,base,80.0,150.0,2.0,30.0,1.0,1.0,0.0,,27.97
42.59709536700029,59.9,75.0,1.0,host,predictive,host,0,1222,,61.549,False,17791.114594708,1.0,host,1221,0.2999918915307115,6.664366240044506e-05,0.29915881299893954,0.3008619350002846,base,80.0,150.0,2.0,30.0,1.0,1.0,0.0,,27.97
43.09825402199931,60.09,75.0,1.0,host,predictive,host,0,1224,,61.549,False,17791.714601417,1.0,host,1223,0.29999191027636773,6.664677983536996e-05,0.29915881299893954,0.3008619350002846,base,80.0,150.0,2.0,30.0,1.0,1.0,0.0,,27.97
43.59890093099966,60.17,75.0,1.0,host,predictive,host,0,1225,,61.758,False,17792.014630943,1.0,host,1224,0.29999194100816723,6.662821775166136e-05,0.29915881299893954,0.3008619350002846,base,80.0,150.0,2.0,30.0,1.0,1.0,0.0,,27.97
44.09979219900197,60.36,75.0,1.0,host,predictive,host,0,1227,,61.758,False,17792.614583083,1.0,host,1226,0.29999191511745316,6.659069225185538e-05,0.29915881299893954,0.3008619350002846,base,80.0,150.0,2.0,30.0,1.0,1.0,0.0,,27.97
44.60158885599958,60.53,75.0,1.0,host,predictive,host,0,1229,,61.967,False,17793.214637134,1.0,host,1228,0.2999919723004862,6.655203672465464e-05,0.29915881299893954,0.3008619350002846,base,80.0,150.0,2.0,30.0,1.0,1.0,0.0,,27.97
45.102550323001196,60.63,75.0,1.0,host,predictive,host,0,1230,,61.967,False,17793.514576981,1.0,host,1229,0.2999919298877128,6.65415560962141e-05,0.29915881299893954,0.3008619350002846,base,80.0,150.0,2.0,30.0,1.0,1.0,0.0,,27.97
45.60441752599945,60.81,75.0,1.0,host,predictive,host,0,1232,,62.246,False,17794.114565282,1.0,host,1231,0.299991933495532,6.650302616777946e-05,0.29915881299893954,0.3008619350002846,base,80.0,150.0,2.0,30.0,1.0,1.0,0.0,,27.97
46.105478486999345,60.97,75.0,1.0,host,predictive,host,0,1234,,62.246,False,17794.714536918,1.0,host,1233,0.2999919235758299,6.644960009414704e-05,0.29915881299893954,0.3008619350002846,base,80.0,150.0,2.0,30.0,1.0,1.0,0.0,,27.97
46.60618642999907,61.06,75.0,1.0,host,predictive,host,0,1235,,62.42,False,17795.014561089,1.0,host,1234,0.2999919497082641,6.642900821542053e-05,0.29915881299893954,0.3008619350002846,base,80.0,150.0,2.0,30.0,1.0,1.0,0.0,,27.97
47.107422676999704,61.22,75.0,1.0,host,predictive,host,0,1237,,62.42,False,17795.614569646,1.0,host,1236,0.2999919696577663,6.63842469361087e-05,0.29915881299893954,0.3008619350002846,base,80.0,150.0,2.0,30.0,1.0,1.0,0.0,,27.97
47.60846606500127,61.39,75.0,1.0,host,predictive,host,0,1239,,62.629,False,17796.214617048,1.0,host,1238,0.2999920209200318,6.634413078760366e-05,0.29915881299893954,0.3008619350002846,base,80.0,150.0,2.0,30.0,1.0,1.0,0.0,,27.97
48.10976460500024,61.47,75.0,1.0,host,predictive,host,0,1240,,62.629,False,17796.51455603,1.0,host,1239,0.29999197811218653,6.633445441412923e-05,0.29915881299893954,0.3008619350002846,base,80.0,150.0,2.0,30.0,1.0,1.0,0.0,,27.97
48.6103055900021,61.64,75.0,1.0,host,predictive,host,0,1242,,62.908,False,17797.114489931,1.0,host,1241,0.29999193777759614,6.628971685553842e-05,0.29915881299893954,0.3008619350002846,base,80.0,150.0,2.0,30.0,1.0,1.0,0.0,,27.97
49.11150931800148,61.81,75.0,1.0,host,predictive,host,0,1244,,62.908,False,17797.71457114,1.0,host,1243,0.2999920160828634,6.626588589809288e-05,0.29915881299893954,0.3008619350002846,base,80.0,150.0,2.0,30.0,1.0,1.0,0.0,,27.97
49.61238546000095,61.88,75.0,1.0,host,predictive,host,0,1245,,63.117,False,17798.014495466,1.0,host,1244,0.2999919616696122,6.626702070500796e-05,0.29915881299893954,0.3008619350002846,base,80.0,150.0,2.0,30.0,1.0,1.0,0.0,,27.97
50.11353722200147,62.03,75.0,1.0,host,predictive,host,0,1247,,63.117,False,17798.614453308,1.0,host,1246,0.2999919407375594,6.625909547556742e-05,0.29915881299893954,0.3008619350002846,base,80.0,150.0,2.0,30.0,1.0,1.0,0.0,,27.97
50.61411237200082,62.19,75.0,1.0,host,predictive,host,0,1249,,63.291,False,17799.214420093,1.0,host,1248,0.2999919270384616,6.626470222657706e-05,0.29915881299893954,0.3008619350002846,base,80.0,150.0,2.0,30.0,1.0,1.0,0.0,,27.97
51.11537015700014,62.28,75.0,1.0,host,predictive,host,0,1250,,63.291,False,17799.514479857,1.0,host,1249,0.29999198135148003,6.626595370340456e-05,0.29915881299893954,0.3008619350002846,base,80.0,150.0,2.0,30.0,1.0,1.0,0.0,,27.97
51.61581986500096,62.44,75.0,1.0,host,predictive,host,0,1252,,63.57,False,17800.114443183,1.0,host,1251,0.2999919648553145,6.622539463165558e-05,0.29915881299893954,0.3008619350002846,base,80.0,150.0,2.0,30.0,1.0,1.0,0.0,,27.97
52.117251830000896,62.59,75.0,1.0,host,predictive,host,0,1254,,63.57,False,17800.714482489,1.0,host,1253,0.2999920090502769,6.621439912877604e-05,0.29915881299893954,0.3008619350002846,base,80.0,150.0,2.0,30.0,1.0,1.0,0.0,,27.97
52.61883468100132,62.67,75.0,1.0,host,predictive,host,0,1255,,63.744,False,17801.014440561,1.0,host,1254,0.29999198198724036,6.619492480503737e-05,0.29915881299893954,0.3008619350002846,base,80.0,150.0,2.0,30.0,1.0,1.0,0.0,,27.97
53.119859938000445,62.83,75.0,1.0,host,predictive,host,0,1257,,63.744,False,17801.614406025,1.0,host,1256,0.2999919672579613,6.614360662426499e-05,0.29915881299893954,0.3008619350002846,base,80.0,150.0,2.0,30.0,1.0,1.0,0.0,,27.97
53.62153656200098,62.99,75.0,1.0,host,predictive,host,0,1259,,63.953,False,17802.214353889,1.0,host,1258,0.29999193858505563,6.610312873156144e-05,0.29915881299893954,0.3008619350002846,base,80.0,150.0,2.0,30.0,1.0,1.0,0.0,,27.97
54.122725582001294,63.05,75.0,1.0,host,predictive,host,0,1260,,63.953,False,17802.514354869,1.0,host,1259,0.29999194576647975,6.607736221246606e-05,0.29915881299893954,0.3008619350002846,base,80.0,150.0,2.0,30.0,1.0,1.0,0.0,,27.97
54.623263819001295,63.19,75.0,1.0,host,predictive,host,0,1262,,64.197,False,17803.114358995,1.0,host,1261,0.2999919618128464,6.60277906713351e-05,0.29915881299893954,0.3008619350002846,base,80.0,150.0,2.0,30.0,1.0,1.0,0.0,,27.97
55.124365522002336,63.33,75.0,1.0,host,predictive,host,0,1264,,64.197,False,17803.714328872,1.0,host,1263,0.2999919506912102,6.597654577072072e-05,0.29915881299893954,0.3008619350002846,base,80.0,150.0,2.0,30.0,1.0,1.0,0.0,,27.97
55.62538351200055,63.4,75.0,1.0,host,predictive,host,0,1265,,64.371,False,17804.014313285,1.0,host,1264,0.2999919447278461,6.595078280539294e-05,0.29915881299893954,0.3008619350002846,base,80.0,150.0,2.0,30.0,1.0,1.0,0.0,,27.97
56.12641015199915,63.55,75.0,1.0,host,predictive,host,0,1267,,64.371,False,17804.614283186,1.0,host,1266,0.2999919336785151,6.590476724512957e-05,0.29915881299893954,0.3008619350002846,base,80.0,150.0,2.0,30.0,1.0,1.0,0.0,,27.97
56.627130314998794,63.68,75.0,1.0,host,predictive,host,0,1269,,64.546,False,17805.214228854,1.0,host,1268,0.29999190355283933,6.58593691884643e-05,0.29915881299893954,0.3008619350002846,base,80.0,150.0,2.0,30.0,1.0,1.0,0.0,,27.97
57.1284467910009,63.74,75.0,1.0,host,predictive,host,0,1270,,64.546,False,17805.514285247,1.0,host,1269,0.2999919543719466,6.5858281271372e-05,0.29915881299893954,0.3008619350002846,base,80.0,150.0,2.0,30.0,1.0,1.0,0.0,,27.97
57.62923842600139,63.88,75.0,1.0,host,predictive,host,0,1272,,64.755,False,17806.114310014,1.0,host,1271,0.2999919865184881,6.582069221158767e-05,0.29915881299893954,0.3008619350002846,base,80.0,150.0,2.0,30.0,1.0,1.0,0.0,,27.97
58.13060622299963,64.0,75.0,1.0,host,predictive,host,0,1274,,64.755,False,17806.714276916,1.0,host,1273,0.2999919731084028,6.584933589348322e-05,0.29915881299893954,0.3008619350002846,base,80.0,150.0,2.0,30.0,1.0,1.0,0.0,,27.97
58.63139888899968,64.06,75.0,1.0,host,predictive,host,0,1275,,64.894,False,17807.014315399,1.0,host,1274,0.29999200961538297,6.583637354000628e-05,0.29915881299893954,0.3008619350002846,base,80.0,150.0,2.0,30.0,1.0,1.0,0.0,,27.97
59.132465274000424,64.21,75.0,1.0,host,predictive,host,0,1277,,64.894,False,17807.614259728,1.0,host,1276,0.29999197851018805,6.585570436549914e-05,0.29915881299893954,0.3008619350002846,base,80.0,150.0,2.0,30.0,1.0,1.0,0.0,,27.97
59.633361035001144,64.35,75.0,1.0,host,predictive,host,0,1279,,65.103,False,17808.214237567,1.0,host,1278,0.29999197372300435,6.586687396317002e-05,0.29915881299893954,0.3008619350002846,base,80.0,150.0,2.0,30.0,1.0,1.0,0.0,,27.97
60.13449819699963,64.48,75.0,1.0,host,predictive,host,0,1281,,65.103,False,17808.814104585,1.0,host,1280,0.299991882371873,6.585782581568308e-05,0.29915881299893954,0.3008619350002846,base,80.0,150.0,2.0,30.0,1.0,1.0,0.0,,27.97
60.63593735100221,64.53,75.0,1.0,host,predictive,host,0,1282,,65.347,False,17809.114178748,1.0,host,1281,0.2999919466034345,6.587221170524748e-05,0.29915881299893954,0.3008619350002846,base,80.0,150.0,2.0,30.0,1.0,1.0,0.0,,27.97
61.136170326000865,64.66,75.0,1.0,host,predictive,host,0,1284,,65.347,False,17809.714205268,1.0,host,1283,0.2999919798277457,6.583246153786946e-05,0.29915881299893954,0.3008619350002846,base,80.0,150.0,2.0,30.0,1.0,1.0,0.0,,27.97
61.63770955200016,64.8,75.0,1.0,host,predictive,host,0,1286,,65.487,False,17810.314121599,1.0,host,1285,0.29999192719844237,6.581199134748346e-05,0.29915881299893954,0.3008619350002846,base,80.0,150.0,2.0,30.0,1.0,1.0,0.0,,27.97
62.1388627310007,64.86,75.0,1.0,host,predictive,host,0,1287,,65.487,False,17810.614210077,1.0,host,1286,0.29999200227682715,6.58414266996983e-05,0.29915881299893954,0.3008619350002846,base,80.0,150.0,2.0,30.0,1.0,1.0,0.0,,27.97
62.64007052600209,64.99,75.0,1.0,host,predictive,host,0,1289,,65.661,False,17811.214094998,1.0,host,1288,0.29999192534860014,6.582561735054803e-05,0.29915881299893954,0.3008619350002846,base,80.0,150.0,2.0,30.0,1.0,1.0,0.0,,27.97
63.14112231699983,65.12,75.0,1.0,host,predictive,host,0,1291,,65.661,False,17811.814068731,1.0,host,1290,0.29999191750542564,6.577487794735068e-05,0.29915881299893954,0.3008619350002846,base,80.0,150.0,2.0,30.0,1.0,1.0,0.0,,27.97
63.642518910000945,65.18,75.0,1.0,host,predictive,host,0,1292,,65.905,False,17812.114140637,1.0,host,1291,0.29999197946398076,6.578704699060692e-05,0.29915881299893954,0.3008619350002846,base,80.0,150.0,2.0,30.0,1.0,1.0,0.0,,27.97
64.14387257899944,65.3,75.0,1.0,host,predictive,host,0,1294,,65.905,False,17812.71415207,1.0,host,1293,0.2999920007122949,6.574405771113004e-05,0.29915881299893954,0.3008619350002846,base,80.0,150.0,2.0,30.0,1.0,1.0,0.0,,27.97
64.64523181500044,65.44,75.0,1.0,host,predictive,host,0,1296,,66.044,False,17813.314069861,1.0,host,1295,0.2999919495845552,6.573121773409601e-05,0.29915881299893954,0.3008619350002846,base,80.0,150.0,2.0,30.0,1.0,1.0,0.0,,27.97
65.14535631800027,65.5,75.0,1.0,host,predictive,host,0,1297,,66.044,False,17813.614047636,1.0,host,1296,0.29999193864737655,6.570703238051672e-05,0.29915881299893954,0.3008619350002846,base,80.0,150.0,2.0,30.0,1.0,1.0,0.0,,27.97
65.64663827000186,65.63,75.0,1.0,host,predictive,host,0,1299,,66.218,False,17814.21407091,1.0,host,1298,0.29999196899922737,6.566121350099784e-05,0.29915881299893954,0.3008619350002846,base,80.0,150.0,2.0,30.0,1.0,1.0,0.0,,27.97
66.14776470400102,65.75,75.0,1.0,host,predictive,host,0,1301,,66.218,False,17814.813999249,1.0,host,1300,0.2999919262307678,6.562041273570825e-05,0.29915881299893954,0.3008619350002846,base,80.0,150.0,2.0,30.0,1.0,1.0,0.0,,27.97
66.64902969299874,65.8,75.0,1.0,host,predictive,host,0,1302,,66.427,False,17815.114068523,1.0,host,1301,0.2999919856833182,6.563020465996909e-05,0.29915881299893954,0.3008619350002846,base,80.0,150.0,2.0,30.0,1.0,1.0,0.0,,27.97
67.15034445600031,65.9,75.0,1.0,host,predictive,host,0,1304,,66.427,False,17815.713983684,1.0,host,1303,0.2999919328741352,6.559643428817576e-05,0.29915881299893954,0.3008619350002846,base,80.0,150.0,2.0,30.0,1.0,1.0,0.0,,27.97
67.6511482829992,65.99,75.0,1.0,host,predictive,host,0,1306,,66.532,False,17816.314056274,1.0,host,1305,0.2999920008620685,6.559134399727629e-05,0.29915881299893954,0.3008619350002846,base,80.0,150.0,2.0,30.0,1.0,1.0,0.0,,27.97
68.15231394100192,66.06,75.0,1.0,host,predictive,host,0,1307,,66.532,False,17816.614035477,1.0,host,1306,0.2999919910627856,6.556718326902224e-05,0.29915881299893954,0.3008619350002846,base,80.0,150.0,2.0,30.0,1.0,1.0,0.0,,27.97
68.65373955100222,66.17,75.0,1.0,host,predictive,host,0,1309,,66.706,False,17817.214013527,1.0,host,1308,0.29999198652752046,6.559251133291624e-05,0.29915881299893954,0.3008619350002846,base,80.0,150.0,2.0,30.0,1.0,1.0,0.0,,27.97
69.1548482319995,66.28,75.0,1.0,host,predictive,host,0,1311,,66.706,False,17817.813907977,1.0,host,1310,0.2999919181893124,6.557752083317376e-05,0.29915881299893954,0.3008619350002846,base,80.0,150.0,2.0,30.0,1.0,1.0,0.0,,27.97
69.65655134700137,66.33,75.0,1.0,host,predictive,host,0,1312,,66.88,False,17818.113977579,1.0,host,1311,0.29999197744469736,6.55875800652099e-05,0.29915881299893954,0.3008619350002846,base,80.0,150.0,2.0,30.0,1.0,1.0,0.0,,27.97
70.15771843599941,66.44,75.0,1.0,host,predictive,host,0,1314,,66.88,False,17818.713961511,1.0,host,1313,0.29999197742726397,6.554506253781691e-05,0.29915881299893954,0.3008619350002846,base,80.0,150.0,2.0,30.0,1.0,1.0,0.0,,27.97
70.6586754960008,66.53,75.0,1.0,host,predictive,host,0,1316,,67.02,False,17819.313888919,1.0,host,1315,0.2999919344258554,6.550850274650634e-05,0.29915881299893954,0.3008619350002846,base,80.0,150.0,2.0,30.0,1.0,1.0,0.0,,27.97
71.15976073799902,66.57,75.0,1.0,host,predictive,host,0,1317,,67.02,False,17819.613935188,1.0,host,1316,0.29999197571352554,6.550072259553146e-05,0.29915881299893954,0.3008619350002846,base,80.0,150.0,2.0,30.0,1.0,1.0,0.0,,27.97
71.6614235670022,66.66,75.0,1.0,host,predictive,host,0,1319,,67.124,False,17820.213891934,1.0,host,1318,0.2999919550720775,6.546597728837658e-05,0.29915881299893954,0.3008619350002846,base,80.0,150.0,2.0,30.0,1.0,1.0,0.0,,27.97
72.16272401899914,66.77,75.0,1.0,host,predictive,host,0,1321,,67.124,False,17820.81383867,1.0,host,1320,0.29999192690984827,6.542035786604335e-05,0.29915881299893954,0.3008619350002846,base,80.0,150.0,2.0,30.0,1.0,1.0,0.0,,27.97
72.66438552399995,66.82,75.0,1.0,host,predictive,host,0,1322,,67.299,False,17821.113920286,1.0,host,1321,0.29999199480469196,6.54420981047802e-05,0.29915881299893954,0.3008619350002846,base,80.0,150.0,2.0,30.0,1.0,1.0,0.0,,27.97
73.16553026100155,66.92,75.0,1.0,host,predictive,host,0,1324,,67.299,False,17821.713805318,1.0,host,1323,0.29999192000680075,6.5460927961161e-05,0.29915881299893954,0.3008619350002846,base,80.0,150.0,2.0,30.0,1.0,1.0,0.0,,27.97
73.66694320600072,67.01,75.0,1.0,host,predictive,host,0,1326,,67.438,False,17822.313739503,1.0,host,1325,0.2999918825313189,6.55070730527024e-05,0.29915881299893954,0.3008619350002846,base,80.0,150.0,2.0,30.0,1.0,1.0,0.0,,27.97
74.16818341600083,67.07,75.0,1.0,host,predictive,host,0,1327,,67.438,False,17822.613801923,1.0,host,1326,0.29999193572699623,6.551099065868897e-05,0.29915881299893954,0.3008619350002846,base,80.0,150.0,2.0,30.0,1.0,1.0,0.0,,27.97
74.6688373040015,67.15,75.0,1.0,host,predictive,host,0,1329,,67.577,False,17823.213805522,1.0,host,1328,0.29999195058207606,6.546366104447535e-05,0.29915881299893954,0.3008619350002846,base,80.0,150.0,2.0,30.0,1.0,1.0,0.0,,27.97
75.17003897900213,67.24,75.0,1.0,host,predictive,host,0,1331,,67.577,False,17823.813781602,1.0,host,1330,0.29999194470150187,6.542034110077963e-05,0.29915881299893954,0.3008619350002846,base,80.0,150.0,2.0,30.0,1.0,1.0,0.0,,27.97
75.67110038499959,67.29,75.0,1.0,host,predictive,host,0,1332,,67.717,False,17824.113734281,1.0,host,1331,0.2999919152005998,6.54046102361572e-05,0.29915881299893954,0.3008619350002846,base,80.0,150.0,2.0,30.0,1.0,1.0,0.0,,27.97
76.17213629600155,67.39,75.0,1.0,host,predictive,host,0,1334,,67.717,False,17824.713747625,1.0,host,1333,0.29999193734133356,6.5360684933436e-05,0.29915881299893954,0.3008619350002846,base,80.0,150.0,2.0,30.0,1.0,1.0,0.0,,27.97
76.67302211100105,67.51,75.0,1.0,host,predictive,host,0,1336,,67.856,False,17825.313797367,1.0,host,1335,0.29999198668014737,6.534540385338937e-05,0.29915881299893954,0.3008619350002846,base,80.0,150.0,2.0,30.0,1.0,1.0,0.0,,27.97
77.17400936700142,67.56,75.0,1.0,host,predictive,host,0,1337,,67.856,False,17825.613740665,1.0,host,1336,0.2999919502365269,6.533451418801227e-05,0.29915881299893954,0.3008619350002846,base,80.0,150.0,2.0,30.0,1.0,1.0,0.0,,27.97
77.67579307499909,67.67,75.0,1.0,host,predictive,host,0,1339,,68.03,False,17826.213713236,1.0,host,1338,0.29999194176905747,6.528759835437047e-05,0.29915881299893954,0.3008619350002846,base,80.0,150.0,2.0,30.0,1.0,1.0,0.0,,27.97
78.176842416,67.77,75.0,1.0,host,predictive,host,0,1341,,68.03,False,17826.813728007,1.0,host,1340,0.29999196481940227,6.524756135688783e-05,0.29915881299893954,0.3008619350002846,base,80.0,150.0,2.0,30.0,1.0,1.0,0.0,,27.97
78.67870196000149,67.83,75.0,1.0,host,predictive,host,0,1342,,68.205,False,17827.113727363,1.0,host,1341,0.2999919703310959,6.522354093250924e-05,0.29915881299893954,0.3008619350002846,base,80.0,150.0,2.0,30.0,1.0,1.0,0.0,,27.97
79.17976617100067,67.94,75.0,1.0,host,predictive,host,0,1344,,68.205,False,17827.713709775,1.0,host,1343,0.29999196919284943,6.524973394007923e-05,0.29915881299893954,0.3008619350002846,base,80.0,150.0,2.0,30.0,1.0,1.0,0.0,,27.97
79.68089797400171,68.04,75.0,1.0,host,predictive,host,0,1346,,68.379,False,17828.313701914,1.0,host,1345,0.2999919752899627,6.520195445285813e-05,0.29915881299893954,0.3008619350002846,base,80.0,150.0,2.0,30.0,1.0,1.0,0.0,,27.97
80.18193979100033,68.09,75.0,1.0,host,predictive,host,0,1347,,68.379,False,17828.613575654,1.0,host,1346,0.2999918874479921,6.525729617148427e-05,0.29915881299893954,0.3008619350002846,base,80.0,150.0,2.0,30.0,1.0,1.0,0.0,,27.97
80.68288465099977,68.19,75.0,1.0,host,predictive,host,0,1349,,68.483,False,17829.21366054,1.0,host,1348,0.2999919624562311,6.524043400595499e-05,0.29915881299893954,0.3008619350002846,base,80.0,150.0,2.0,30.0,1.0,1.0,0.0,,27.97
81.18295139100155,68.28,75.0,1.0,host,predictive,host,0,1351,,68.483,False,17829.813597943,1.0,host,1350,0.2999919279955551,6.522737715957418e-05,0.29915881299893954,0.3008619350002846,base,80.0,150.0,2.0,30.0,1.0,1.0,0.0,,27.97
81.68385246600155,68.32,75.0,1.0,host,predictive,host,0,1352,,68.658,False,17830.113594682,1.0,host,1351,0.2999919315566233,6.520336356359044e-05,0.29915881299893954,0.3008619350002846,base,80.0,150.0,2.0,30.0,1.0,1.0,0.0,,27.97
82.18473090300176,68.41,75.0,1.0,host,predictive,host,0,1354,,68.658,False,17830.714155716,1.0,host,1353,0.2999923581426444,6.678927851859966e-05,0.29915881299893954,0.3008619350002846,base,80.0,150.0,2.0,30.0,1.0,1.0,0.0,,27.97
82.68569448500057,68.49,75.0,1.0,host,predictive,host,0,1356,,68.762,False,17831.313580282,1.0,host,1355,0.29999194474760016,6.875193245084482e-05,0.29915881299893954,0.3008619350002846,base,80.0,150.0,2.0,30.0,1.0,1.0,0.0,,27.97
83.18665619199965,68.53,75.0,1.0,host,predictive,host,0,1357,,68.762,False,17831.61360194,1.0,host,1356,0.2999919666600284,6.873130992185529e-05,0.29915881299893954,0.3008619350002846,base,80.0,150.0,2.0,30.0,1.0,1.0,0.0,,27.97
83.68768327400176,68.62,75.0,1.0,host,predictive,host,0,1359,,68.867,False,17832.213535048,1.0,host,1358,0.2999919292334292,6.869734381514436e-05,0.29915881299893954,0.3008619350002846,base,80.0,150.0,2.0,30.0,1.0,1.0,0.0,,27.97
84.18875454199951,68.72,75.0,1.0,host,predictive,host,0,1361,,68.867,False,17832.81353303,1.0,host,1360,0.29999193961838067,6.864755823940735e-05,0.29915881299893954,0.3008619350002846,base,80.0,150.0,2.0,30.0,1.0,1.0,0.0,,27.97
84.68943643400053,68.76,75.0,1.0,host,predictive,host,0,1362,,69.076,False,17833.113507289,1.0,host,1361,0.2999919266274781,6.862400638605096e-05,0.29915881299893954,0.3008619350002846,base,80.0,150.0,2.0,30.0,1.0,1.0,0.0,,27.97
85.19053193299987,68.85,75.0,1.0,host,predictive,host,0,1364,,69.076,False,17833.713484297,1.0,host,1363,0.29999192160528193,6.857525071829155e-05,0.29915881299893954,0.3008619350002846,base,80.0,150.0,2.0,30.0,1.0,1.0,0.0,,27.97
85.69142286100032,68.94,75.0,1.0,host,predictive,host,0,1366,,69.18,False,17834.313525989,1.0,host,1365,0.2999919639853472,6.853507150675765e-05,0.29915881299893954,0.3008619350002846,base,80.0,150.0,2.0,30.0,1.0,1.0,0.0,,27.97
86.19279791100053,68.99,75.0,1.0,host,predictive,host,0,1367,,69.18,False,17834.613517889,1.0,host,1366,0.2999919639385054,6.850998089204132e-05,0.29915881299893954,0.3008619350002846,base,80.0,150.0,2.0,30.0,1.0,1.0,0.0,,27.97
86.69385368200165,69.08,75.0,1.0,host,predictive,host,0,1369,,69.32,False,17835.213510151,1.0,host,1368,0.29999197003070016,6.85203961022335e-05,0.29915881299893954,0.3008619350002846,base,80.0,150.0,2.0,30.0,1.0,1.0,0.0,,27.97
87.19507554099982,69.18,75.0,1.0,host,predictive,host,0,1371,,69.32,False,17835.81352005,1.0,host,1370,0.29999198897883106,6.84743405302164e-05,0.29915881299893954,0.3008619350002846,base,80.0,150.0,2.0,30.0,1.0,1.0,0.0,,27.97
87.69611824399908,69.24,75.0,1.0,host,predictive,host,0,1372,,69.529,False,17836.113532382,1.0,host,1371,0.2999920038169221,6.84515668504031e-05,0.29915881299893954,0.3008619350002846,base,80.0,150.0,2.0,30.0,1.0,1.0,0.0,,27.97
88.19701463399906,69.34,75.0,1.0,host,predictive,host,0,1374,,69.529,False,17836.71340989,1.0,host,1373,0.29999192624981585,6.84576553253979e-05,0.29915881299893954,0.3008619350002846,base,80.0,150.0,2.0,30.0,1.0,1.0,0.0,,27.97
88.69789099199988,69.43,75.0,1.0,host,predictive,host,0,1376,,69.633,False,17837.31350737,1.0,host,1375,0.29999200888799854,6.847829045983194e-05,0.29915881299893954,0.3008619350002846,base,80.0,150.0,2.0,30.0,1.0,1.0,0.0,,27.97
89.19908761099941,69.48,75.0,1.0,host,predictive,host,0,1377,,69.633,False,17837.61350501,1.0,host,1376,0.29999201298037553,6.845357103847801e-05,0.29915881299893954,0.3008619350002846,base,80.0,150.0,2.0,30.0,1.0,1.0,0.0,,27.97
89.70081567899979,69.59,75.0,1.0,host,predictive,host,0,1379,,69.773,False,17838.213499655,1.0,host,1378,0.2999920206865019,6.846264966693647e-05,0.29915881299893954,0.3008619350002846,base,80.0,150.0,2.0,30.0,1.0,1.0,0.0,,27.97
90.20131073300217,69.68,75.0,1.0,host,predictive,host,0,1381,,69.773,False,17838.813504904,1.0,host,1380,0.2999920360543461,6.841962026485568e-05,0.29915881299893954,0.3008619350002846,base,80.0,150.0,2.0,30.0,1.0,1.0,0.0,,27.97
90.70206138399953,69.72,75.0,1.0,host,predictive,host,0,1382,,69.947,False,17839.113474958,1.0,host,1381,0.2999920201368572,6.839740004647941e-05,0.29915881299893954,0.3008619350002846,base,80.0,150.0,2.0,30.0,1.0,1.0,0.0,,27.97
91.20312775600178,69.82,75.0,1.0,host,predictive,host,0,1384,,69.947,False,17839.713488052,1.0,host,1383,0.29999204114461114,6.839063572084494e-05,0.29915881299893954,0.3008619350002846,base,80.0,150.0,2.0,30.0,1.0,1.0,0.0,,27.97
91.70413999499942,69.9,75.0,1.0,host,predictive,host,0,1386,70.086,70.086,True,17840.313449542,1.0,host,1385,0.29999202483249104,6.856741578984917e-05,0.29915881299893954,0.3008619350002846,base,80.0,150.0,2.0,30.0,1.0,1.0,0.0,,27.97
92.20539843500228,69.95,75.0,1.0,host,predictive,host,0,1387,70.086,70.086,True,17840.613436896,1.0,host,1386,0.29999202146248155,6.854279034807083e-05,0.29915881299893954,0.3008619350002846,base,80.0,150.0,2.0,30.0,1.0,1.0,0.0,,27.97
92.70632176000072,70.04,75.0,1.0,host,predictive,host,0,1389,70.226,70.226,True,17841.213272238,1.0,host,1388,0.2999919143292503,6.855302315859877e-05,0.29915881299893954,0.3008619350002846,base,80.0,150.0,2.0,30.0,1.0,1.0,0.0,,27.97
93.20740225600093,70.14,75.0,1.0,host,predictive,host,0,1391,70.226,70.226,True,17841.813271737,1.0,host,1390,0.2999919256028758,6.85474933699785e-05,0.29915881299893954,0.3008619350002846,base,80.0,150.0,2.0,30.0,1.0,1.0,0.0,,27.97
93.70893820600031,70.19,75.0,1.0,host,predictive,host,0,1392,70.4,70.4,True,17842.113377207,1.0,host,1391,0.2999920072307672,6.859039730200995e-05,0.29915881299893954,0.3008619350002846,base,80.0,150.0,2.0,30.0,1.0,1.0,0.0,,27.97
94.20977371700064,70.28,75.0,1.0,host,predictive,host,0,1394,70.4,70.4,True,17842.713265031,1.0,host,1393,0.29999193817803277,6.862078121230308e-05,0.29915881299893954,0.3008619350002846,base,80.0,150.0,2.0,30.0,1.0,1.0,0.0,,27.97
94.71097775700036,70.37,75.0,1.0,host,predictive,host,0,1396,70.505,70.505,True,17843.313261379,1.0,host,1395,0.2999919471182786,6.86937083478837e-05,0.29915881299893954,0.3008619350002846,base,80.0,150.0,2.0,30.0,1.0,1.0,0.0,,27.97
95.21225019399935,70.41,75.0,1.0,host,predictive,host,0,1397,70.505,70.505,True,17843.613306955,1.0,host,1396,0.2999919855343838,6.868408881285545e-05,0.29915881299893954,0.3008619350002846,base,80.0,150.0,2.0,30.0,1.0,1.0,0.0,,27.97
95.7134803150002,70.5,75.0,1.0,host,predictive,host,0,1399,70.644,70.644,True,17844.21323863,1.0,host,1398,0.29999194812660823,6.865267923098856e-05,0.29915881299893954,0.3008619350002846,base,80.0,150.0,2.0,30.0,1.0,1.0,0.0,,27.97
96.214663742001,70.59,75.0,1.0,host,predictive,host,0,1401,70.644,70.644,True,17844.813172381,1.0,host,1400,0.29999191230857036,6.871895818706497e-05,0.29915881299893954,0.3008619350002846,base,80.0,150.0,2.0,30.0,1.0,1.0,0.0,,27.97
96.716135527,70.64,75.0,1.0,host,predictive,host,0,1402,70.818,70.818,True,17845.11325805,1.0,host,1401,0.2999919792298358,6.874004940346528e-05,0.29915881299893954,0.3008619350002846,base,80.0,150.0,2.0,30.0,1.0,1.0,0.0,,27.97
97.21729878200131,70.73,75.0,1.0,host,predictive,host,0,1404,70.818,70.818,True,17845.713268397,1.0,host,1403,0.29999199803848864,6.871536865672579e-05,0.29915881299893954,0.3008619350002846,base,80.0,150.0,2.0,30.0,1.0,1.0,0.0,,27.97
97.71864444200037,70.82,75.0,1.0,host,predictive,host,0,1406,70.958,70.958,True,17846.313249289,1.0,host,1405,0.2999919958291803,6.877235295820169e-05,0.29915881299893954,0.3008619350002846,base,80.0,150.0,2.0,30.0,1.0,1.0,0.0,,27.97
98.21885082800145,70.86,75.0,1.0,host,predictive,host,0,1407,70.958,70.958,True,17846.613197059,1.0,host,1406,0.29999196437410947,6.875800152327957e-05,0.29915881299893954,0.3008619350002846,base,80.0,150.0,2.0,30.0,1.0,1.0,0.0,,27.97
98.7202625509999,70.95,75.0,1.0,host,predictive,host,0,1409,71.062,71.062,True,17847.213203563,1.0,host,1408,0.29999198040766817,6.87679072838823e-05,0.29915881299893954,0.3008619350002846,base,80.0,150.0,2.0,30.0,1.0,1.0,0.0,,27.97
99.22132272700037,71.04,75.0,1.0,host,predictive,host,0,1411,71.062,71.062,True,17847.813228862,1.0,host,1410,0.29999200972553075,6.873827083270062e-05,0.29915881299893954,0.3008619350002846,base,80.0,150.0,2.0,30.0,1.0,1.0,0.0,,27.97
99.72279987699949,71.08,75.0,1.0,host,predictive,host,0,1412,71.236,71.236,True,17848.113208926,1.0,host,1411,0.2999920012593887,6.871464389968712e-05,0.29915881299893954,0.3008619350002846,base,80.0,150.0,2.0,30.0,1.0,1.0,0.0,,27.97
100.22377065500041,71.17,75.0,1.0,host,predictive,host,0,1414,71.376,71.376,True,17848.713178739,1.0,host,1413,0.2999919912172664,6.879436227798493e-05,0.29915881299893954,0.3008619350002846,base,80.0,150.0,2.0,30.0,1.0,1.0,0.0,,27.97
100.72508295200169,71.25,75.0,1.0,host,predictive,host,0,1416,71.376,71.376,True,17849.313172976,1.0,host,1415,0.299991998464309,6.876953097854562e-05,0.29915881299893954,0.3008619350002846,base,80.0,150.0,2.0,30.0,1.0,1.0,0.0,,27.97
101.22609434200058,71.3,75.0,1.0,host,predictive,host,0,1417,71.48,71.48,True,17849.613119373,1.0,host,1416,0.2999919662598857,6.875591653110981e-05,0.29915881299893954,0.3008619350002846,base,80.0,150.0,2.0,30.0,1.0,1.0,0.0,,27.97
101.72748319600214,71.37,75.0,1.0,host,predictive,host,0,1419,71.48,71.48,True,17850.213026602,1.0,host,1418,0.2999919121671353,6.872392079462158e-05,0.29915881299893954,0.3008619350002846,base,80.0,150.0,2.0,30.0,1.0,1.0,0.0,,27.97
102.22872491800081,71.43,75.0,1.0,host,predictive,host,0,1421,71.585,71.585,True,17850.813151575,1.0,host,1420,0.2999920115676039,6.873015051064415e-05,0.29915881299893954,0.3008619350002846,base,80.0,150.0,2.0,30.0,1.0,1.0,0.0,,27.97
102.72967782900014,71.47,75.0,1.0,host,predictive,host,0,1422,71.585,71.585,True,17851.113084816,1.0,host,1421,0.299991970209006,6.872363672452116e-05,0.29915881299893954,0.3008619350002846,base,80.0,150.0,2.0,30.0,1.0,1.0,0.0,,27.97
103.230785775002,71.55,75.0,1.0,host,predictive,host,0,1424,71.724,71.724,True,17851.7130354,1.0,host,1423,0.2999919467680945,6.868164530089296e-05,0.29915881299893954,0.3008619350002846,base,80.0,150.0,2.0,30.0,1.0,1.0,0.0,,27.97
103.73138694500085,71.63,75.0,1.0,host,predictive,host,0,1426,71.724,71.724,True,17852.313026992,1.0,host,1425,0.2999919521705254,6.864441020862091e-05,0.29915881299893954,0.3008619350002846,base,80.0,150.0,2.0,30.0,1.0,1.0,0.0,,27.97
104.23245918099929,71.69,75.0,1.0,host,predictive,host,0,1428,71.794,71.794,True,17852.912969195,1.0,host,1427,0.29999192294744126,6.860266587950912e-05,0.29915881299893954,0.3008619350002846,base,80.0,150.0,2.0,30.0,1.0,1.0,0.0,,27.97
104.73374825300198,71.72,75.0,1.0,host,predictive,host,0,1429,71.794,71.794,True,17853.212974293,1.0,host,1428,0.29999193217366915,6.857952675808235e-05,0.29915881299893954,0.3008619350002846,base,80.0,150.0,2.0,30.0,1.0,1.0,0.0,,27.97
105.23482132400022,71.76,75.0,1.0,host,predictive,host,0,1431,71.864,71.864,True,17853.812955735,1.0,host,1430,0.29999193047971945,6.853221522052756e-05,0.29915881299893954,0.3008619350002846,base,80.0,150.0,2.0,30.0,1.0,1.0,0.0,,27.97
105.73611148599957,71.84,75.0,1.0,host,predictive,host,0,1433,71.864,71.864,True,17854.41298092,1.0,host,1432,0.2999919593372884,6.848869086008435e-05,0.29915881299893954,0.3008619350002846,base,80.0,150.0,2.0,30.0,1.0,1.0,0.0,,27.97
106.23738027199943,71.88,75.0,1.0,host,predictive,host,0,1434,72.038,72.038,True,17854.712932715,1.0,host,1433,0.2999919313091403,6.847300474591076e-05,0.29915881299893954,0.3008619350002846,base,80.0,150.0,2.0,30.0,1.0,1.0,0.0,,27.97
106.73871292600234,71.95,75.0,1.0,host,predictive,host,0,1436,72.038,72.038,True,17855.313000186,1.0,host,1435,0.2999919895728218,6.844689643568439e-05,0.29915881299893954,0.3008619350002846,base,80.0,150.0,2.0,30.0,1.0,1.0,0.0,,27.97
107.23974260899922,72.03,75.0,1.0,host,predictive,host,0,1438,72.142,72.142,True,17855.91288737,1.0,host,1437,0.2999919222136379,6.844855867020963e-05,0.29915881299893954,0.3008619350002846,base,80.0,150.0,2.0,30.0,1.0,1.0,0.0,,27.97
107.74102852000215,72.07,75.0,1.0,host,predictive,host,0,1439,72.142,72.142,True,17856.212972272,1.0,host,1438,0.29999198687273765,6.846864138089116e-05,0.29915881299893954,0.3008619350002846,base,80.0,150.0,2.0,30.0,1.0,1.0,0.0,,27.97
108.24215475000165,72.17,75.0,1.0,host,predictive,host,0,1441,72.317,72.317,True,17856.812919393,1.0,host,1440,0.2999919612805544,6.845830918312448e-05,0.29915881299893954,0.3008619350002846,base,80.0,150.0,2.0,30.0,1.0,1.0,0.0,,27.97
108.74325427599979,72.25,75.0,1.0,host,predictive,host,0,1443,72.317,72.317,True,17857.412895111,1.0,host,1442,0.29999195559084474,6.843131720759164e-05,0.29915881299893954,0.3008619350002846,base,80.0,150.0,2.0,30.0,1.0,1.0,0.0,,27.97
109.24432138300108,72.29,75.0,1.0,host,predictive,host,0,1444,72.421,72.421,True,17857.712902444,1.0,host,1443,0.2999919662474002,6.840879853111325e-05,0.29915881299893954,0.3008619350002846,base,80.0,150.0,2.0,30.0,1.0,1.0,0.0,,27.97
109.74599392800155,72.36,75.0,1.0,host,predictive,host,0,1446,72.421,72.421,True,17858.312937466,1.0,host,1445,0.29999200160345807,6.840190033484454e-05,0.29915881299893954,0.3008619350002846,base,80.0,150.0,2.0,30.0,1.0,1.0,0.0,,27.97
110.24621902099898,72.47,75.0,1.0,host,predictive,host,0,1448,72.596,72.596,True,17858.913292988,1.0,host,1447,0.2999922583545254,6.89356318937996e-05,0.29915881299893954,0.3008619350002846,base,80.0,150.0,2.0,30.0,1.0,1.0,0.0,,27.97
110.74793571600094,72.52,75.0,1.0,host,predictive,host,0,1449,72.596,72.596,True,17859.21279484,1.0,host,1448,0.2999919196761048,7.010574041346618e-05,0.29915881299893954,0.3008619350002846,base,80.0,150.0,2.0,30.0,1.0,1.0,0.0,,27.97
111.24912420200053,72.6,75.0,1.0,host,predictive,host,0,1451,72.735,72.735,True,17859.812810938,1.0,host,1450,0.2999919419234482,7.00807877116367e-05,0.29915881299893954,0.3008619350002846,base,80.0,150.0,2.0,30.0,1.0,1.0,0.0,,27.97
111.75011496200023,72.7,75.0,1.0,host,predictive,host,0,1453,72.735,72.735,True,17860.412789821,1.0,host,1452,0.2999919384793372,7.010071534240927e-05,0.29915881299893954,0.3008619350002846,base,80.0,150.0,2.0,30.0,1.0,1.0,0.0,,27.97
112.25136443900192,72.74,75.0,1.0,host,predictive,host,0,1454,72.874,72.874,True,17860.712769883,1.0,host,1453,0.2999919303055743,7.00772805977135e-05,0.29915881299893954,0.3008619350002846,base,80.0,150.0,2.0,30.0,1.0,1.0,0.0,,27.97
112.75258031699923,72.82,75.0,1.0,host,predictive,host,0,1456,72.874,72.874,True,17861.31278865,1.0,host,1455,0.29999195429621933,7.003226140909334e-05,0.29915881299893954,0.3008619350002846,base,80.0,150.0,2.0,30.0,1.0,1.0,0.0,,27.97
113.25378636499954,72.91,75.0,1.0,host,predictive,host,0,1458,72.979,72.979,True,17861.912703723,1.0,host,1457,0.29999190705147405,7.000835189480531e-05,0.29915881299893954,0.3008619350002846,base,80.0,150.0,2.0,30.0,1.0,1.0,0.0,,27.97
113.75461744000131,72.95,75.0,1.0,host,predictive,host,0,1459,72.979,72.979,True,17862.212780046,1.0,host,1458,0.2999919649499306,7.001922568694723e-05,0.29915881299893954,0.3008619350002846,base,80.0,150.0,2.0,30.0,1.0,1.0,0.0,,27.97
114.25475924000057,73.04,75.0,1.0,host,predictive,host,0,1461,73.153,73.153,True,17862.812751228,1.0,host,1460,0.2999919562184926,6.997183061779973e-05,0.29915881299893954,0.3008619350002846,base,80.0,150.0,2.0,30.0,1.0,1.0,0.0,,27.97
114.75574667299952,73.12,75.0,1.0,host,predictive,host,0,1463,73.153,73.153,True,17863.412769092,1.0,host,1462,0.2999919794411751,6.993287871812336e-05,0.29915881299893954,0.3008619350002846,base,80.0,150.0,2.0,30.0,1.0,1.0,0.0,,27.97
115.25706532299955,73.17,75.0,1.0,host,predictive,host,0,1464,73.292,73.292,True,17863.71271471,1.0,host,1463,0.2999919477518787,6.991947383055863e-05,0.29915881299893954,0.3008619350002846,base,80.0,150.0,2.0,30.0,1.0,1.0,0.0,,27.97
115.75842726100018,73.25,75.0,1.0,host,predictive,host,0,1466,73.292,73.292,True,17864.312721019,1.0,host,1465,0.2999919630511933,6.987335512535627e-05,0.29915881299893954,0.3008619350002846,base,80.0,150.0,2.0,30.0,1.0,1.0,0.0,,27.97
116.25934122499893,73.34,75.0,1.0,host,predictive,host,0,1468,73.432,73.432,True,17864.912640022,1.0,host,1467,0.29999191879550086,6.986021694444967e-05,0.29915881299893954,0.3008619350002846,base,80.0,150.0,2.0,30.0,1.0,1.0,0.0,,27.97
116.76049827799943,73.38,75.0,1.0,host,predictive,host,0,1469,73.432,73.432,True,17865.212696174,1.0,host,1468,0.2999919625510887,6.985652440084656e-05,0.29915881299893954,0.3008619350002846,base,80.0,150.0,2.0,30.0,1.0,1.0,0.0,,27.97
117.261433691001,73.46,75.0,1.0,host,predictive,host,0,1471,73.571,73.571,True,17865.812656553,1.0,host,1470,0.29999194653333244,6.981163025515079e-05,0.29915881299893954,0.3008619350002846,base,80.0,150.0,2.0,30.0,1.0,1.0,0.0,,27.97
117.76237729000059,73.55,75.0,1.0,host,predictive,host,0,1473,73.571,73.571,True,17866.412692544,1.0,host,1472,0.29999198192594984,6.97800080858686e-05,0.29915881299893954,0.3008619350002846,base,80.0,150.0,2.0,30.0,1.0,1.0,0.0,,27.97
118.26362128700202,73.59,75.0,1.0,host,predictive,host,0,1474,73.711,73.711,True,17866.712626419,1.0,host,1473,0.2999919424779359,6.977273469416096e-05,0.29915881299893954,0.3008619350002846,base,80.0,150.0,2.0,30.0,1.0,1.0,0.0,,27.97
118.76506737499949,73.66,75.0,1.0,host,predictive,host,0,1476,73.711,73.711,True,17867.312577631,1.0,host,1475,0.29999192032677924,6.977873153955034e-05,0.29915881299893954,0.3008619350002846,base,80.0,150.0,2.0,30.0,1.0,1.0,0.0,,27.97
119.2662180840016,73.76,75.0,1.0,host,predictive,host,0,1478,73.885,73.885,True,17867.912631684,1.0,host,1477,0.29999196786391313,6.974342517542049e-05,0.29915881299893954,0.3008619350002846,base,80.0,150.0,2.0,30.0,1.0,1.0,0.0,,27.97
119.76729393500136,73.79,75.0,1.0,host,predictive,host,0,1479,73.885,73.885,True,17868.212603737,1.0,host,1478,0.2999919543897148,6.97217503971886e-05,0.29915881299893954,0.3008619350002846,base,80.0,150.0,2.0,30.0,1.0,1.0,0.0,,27.97
120.26853203000064,73.89,75.0,1.0,host,predictive,host,0,1481,73.989,73.989,True,17868.81261146,1.0,host,1480,0.2999919704804057,6.9677563901875e-05,0.29915881299893954,0.3008619350002846,base,80.0,150.0,2.0,30.0,1.0,1.0,0.0,,27.97
120.76916234300006,73.96,75.0,0.6869916838330663,host,predictive,host,0,1483,73.989,73.989,True,17869.412595089,1.0,host,1482,0.2999919702699054,6.963058513175866e-05,0.29915881299893954,0.3008619350002846,base,80.0,150.0,2.0,30.0,1.0,0.6869972230550105,0.0002945742686874908,74.020540561687,27.97
121.27029870200204,74.0,75.0,0.684794384679942,host,predictive,host,0,1484,74.094,74.094,True,17869.712621833,1.0,host,1483,0.2999919937181389,6.961295775338018e-05,0.29915881299893954,0.3008619350002846,base,80.0,150.0,2.0,30.0,1.0,0.6848011300712629,0.0004401232028708946,74.02967377211064,27.97
121.77206746999946,74.07,75.0,0.6832684824902724,host,predictive,host,0,1486,74.094,74.094,True,17870.312612311,1.0,host,1485,0.29999199808888893,6.961268455099171e-05,0.29915881299893954,0.3008619350002846,base,80.0,150.0,2.0,30.0,1.0,0.6832675099523456,0.0007250074120081948,74.0583317266378,27.97
122.27329860600003,74.14,75.0,0.6812237735561151,host,predictive,host,0,1488,74.233,74.233,True,17870.912523878,1.0,host,1487,0.29999194938063106,6.958475520783364e-05,0.29915881299893954,0.3008619350002846,base,80.0,150.0,2.0,30.0,1.0,0.6812185415129077,0.0009988005557798694,74.09780142889642,27.97
122.7742939230011,74.18,75.0,0.6800030518043794,host,predictive,host,0,1489,74.233,74.233,True,17871.212505112,1.0,host,1488,0.2999919421794334,6.956192357288243e-05,0.29915881299893954,0.3008619350002846,base,80.0,150.0,2.0,30.0,1.0,0.6799975743611222,0.0011306986796110535,74.12067917445877,27.97
123.27553546600029,74.23,75.0,0.6777904936293584,host,predictive,host,0,1491,74.268,74.268,True,17871.812500552,1.0,host,1490,0.29999194993489936,6.95267292815937e-05,0.29915881299893954,0.3008619350002846,base,80.0,150.0,2.0,30.0,1.0,0.6777887192923543,0.001384679123656923,74.1615317220748,27.97
123.7763895240023,74.26,75.0,0.6761882963302053,host,predictive,host,0,1493,74.268,74.268,True,17872.412513396,1.0,host,1492,0.2999919693344499,6.948680192609829e-05,0.29915881299893954,0.3008619350002846,base,80.0,150.0,2.0,30.0,1.0,0.6761941792064864,0.0016294775897340236,74.19247788001535,27.97
124.27748495600099,74.26,75.0,0.6757152666514077,host,predictive,host,0,1494,74.268,74.268,True,17872.712445072,1.0,host,1493,0.29999192895043464,6.948103958685046e-05,0.29915881299893954,0.3008619350002846,base,80.0,150.0,2.0,30.0,1.0,0.6757083386998933,0.001749152397066556,74.20216795111645,27.97
124.77813983699889,74.27,75.0,0.6747386892500191,host,predictive,host,0,1496,74.268,74.268,True,17873.312483805,1.0,host,1495,0.2999919656561857,6.944450033293325e-05,0.29915881299893954,0.3008619350002846,base,80.0,150.0,2.0,30.0,1.0,0.6747449886482646,0.0019841888653393835,74.22258193890919,27.97
125.27914253700146,74.26,75.0,0.6746166170748455,host,predictive,host,0,1498,74.233,74.233,True,17873.912475297,1.0,host,1497,0.2999919707067448,6.940443116623111e-05,0.29915881299893954,0.3008619350002846,base,80.0,150.0,2.0,30.0,1.0,0.6746168362783249,0.0022157901369774845,74.2279127676835,27.97
125.7803418700023,74.26,75.0,0.6744792858777753,host,predictive,host,0,1499,74.233,74.233,True,17874.212424477,1.0,host,1498,0.2999919421415201,6.93900639249194e-05,0.29915881299893954,0.3008619350002846,base,80.0,150.0,2.0,30.0,1.0,0.6744773208809384,0.00233089008074106,74.23266704157616,27.97
126.28168495000136,74.23,75.0,0.6750591287098497,host,predictive,host,0,1501,74.199,74.199,True,17874.812463228,1.0,host,1500,0.2999919787193334,6.936227001366205e-05,0.29915881299893954,0.3008619350002846,base,80.0,150.0,2.0,30.0,1.0,0.6750632972360231,0.0025621703212550958,74.22626978713556,27.97
126.78218522699899,74.19,75.0,0.6763866636148623,host,predictive,host,0,1503,74.199,74.199,True,17875.412404194,1.0,host,1502,0.29999195009653795,6.932196594709272e-05,0.29915881299893954,0.3008619350002846,base,80.0,150.0,2.0,30.0,1.0,0.6763892005197295,0.002798457928360475,74.20819397808896,27.97
127.28347670600124,74.17,75.0,0.6772259098191806,host,predictive,host,0,1504,74.129,74.129,True,17875.712409343,1.0,host,1503,0.2999919588782422,6.929973664536122e-05,0.29915881299893954,0.3008619350002846,base,80.0,150.0,2.0,30.0,1.0,0.6772297904519949,0.0029190438317076577,74.19609397768545,27.97
127.7847590780002,74.14,75.0,0.6789501792935073,host,predictive,host,0,1506,74.129,74.129,True,17876.312426404,1.0,host,1505,0.29999198090033247,6.925650102363892e-05,0.29915881299893954,0.3008619350002846,base,80.0,150.0,2.0,30.0,1.0,0.6789472795463652,0.003165420405567145,74.17181009678,27.97
128.28590508599882,74.11,75.0,0.6805676356145571,host,predictive,host,0,1508,74.094,74.094,True,17876.91237538,1.0,host,1507,0.2999919576848043,6.92221638219431e-05,0.29915881299893954,0.3008619350002846,base,80.0,150.0,2.0,30.0,1.0,0.6805739082977115,0.0034189998013833102,74.14959802700359,27.97
128.78698904699922,74.08,75.0,0.6818036163881895,host,predictive,host,0,1509,74.094,74.094,True,17877.212409943,1.0,host,1508,0.29999198593766513,6.920789956935765e-05,0.29915881299893954,0.3008619350002846,base,80.0,150.0,2.0,30.0,1.0,0.6817974612743196,0.003549359178484912,74.13093748598932,27.97
129.28801461200055,74.04,75.0,0.9829098954757,host,predictive,host,0,1511,73.989,73.989,True,17877.812383797,1.0,host,1510,0.29999197923708626,6.916282952420036e-05,0.29915881299893954,0.3008619350002846,base,80.0,150.0,2.0,30.0,1.0,0.9829160413151934,0.0,,27.97
129.78970155999923,73.99,75.0,1.0,host,predictive,host,0,1513,73.989,73.989,True,17878.412309594,1.0,host,1512,0.2999919407705026,6.914231613189361e-05,0.29915881299893954,0.3008619350002846,base,80.0,150.0,2.0,30.0,1.0,1.0,0.0,,27.97
130.290781538999,73.96,75.0,1.0,host,predictive,host,0,1514,73.885,73.885,True,17878.712392118,1.0,host,1513,0.299992000640448,6.915865662531305e-05,0.29915881299893954,0.3008619350002846,base,80.0,150.0,2.0,30.0,1.0,1.0,0.0,,27.97
130.79212599099992,73.9,75.0,1.0,host,predictive,host,0,1516,73.885,73.885,True,17879.312356058,1.0,host,1515,0.2999919873986783,6.911918202638987e-05,0.29915881299893954,0.3008619350002846,base,80.0,150.0,2.0,30.0,1.0,1.0,0.0,,27.97
131.29310143800103,73.88,75.0,1.0,host,predictive,host,0,1518,73.885,73.885,True,17879.91231812,1.0,host,1517,0.2999919729538562,6.909193793093761e-05,0.29915881299893954,0.3008619350002846,base,80.0,150.0,2.0,30.0,1.0,1.0,0.0,,27.97
131.7942659299988,73.87,75.0,1.0,host,predictive,host,0,1519,73.885,73.885,True,17880.21229727,1.0,host,1518,0.29999196450658794,6.906996023905433e-05,0.29915881299893954,0.3008619350002846,base,80.0,150.0,2.0,30.0,1.0,1.0,0.0,,27.97
132.29522051399908,73.87,75.0,1.0,host,predictive,host,0,1521,73.885,73.885,True,17880.812256726,1.0,host,1520,0.2999919484059201,6.908007438350834e-05,0.29915881299893954,0.3008619350002846,base,80.0,150.0,2.0,30.0,1.0,1.0,0.0,,27.97
132.79633319799905,73.87,75.0,1.0,host,predictive,host,0,1523,73.885,73.885,True,17881.412178586,1.0,host,1522,0.29999190764586037,6.90439773467439e-05,0.29915881299893954,0.3008619350002846,base,80.0,150.0,2.0,30.0,1.0,1.0,0.0,,27.97
133.29721407599936,73.89,75.0,1.0,host,predictive,host,0,1524,73.955,73.955,True,17881.712169959,1.0,host,1523,0.29999190729481134,6.90213078865045e-05,0.29915881299893954,0.3008619350002846,base,80.0,150.0,2.0,30.0,1.0,1.0,0.0,,27.97
133.79851091900127,73.94,75.0,1.0,host,predictive,host,0,1526,73.955,73.955,True,17882.312244981,1.0,host,1525,0.2999919671029499,6.899741951209617e-05,0.29915881299893954,0.3008619350002846,base,80.0,150.0,2.0,30.0,1.0,1.0,0.0,,27.97
134.29950208599985,73.98,75.0,0.6872663462272068,host,predictive,host,0,1528,74.024,74.024,True,17882.912175433,1.0,host,1527,0.29999193207858516,6.896504552726161e-05,0.29915881299893954,0.3008619350002846,base,80.0,150.0,2.0,30.0,1.0,0.6872696123809187,0.00029531070588108147,74.0156309803964,27.97
134.80098601600184,74.0,75.0,0.6853284504463264,host,predictive,host,0,1529,74.024,74.024,True,17883.21225833,1.0,host,1528,0.29999199161060164,6.898171209889983e-05,0.29915881299893954,0.3008619350002846,base,80.0,150.0,2.0,30.0,1.0,0.6853302092333795,0.00044222962162803153,74.020540561687,27.97
135.30209315699904,74.03,75.0,0.6850080109864958,host,predictive,host,0,1531,74.059,74.059,True,17883.812160794,1.0,host,1530,0.2999919383300652,6.899731234568617e-05,0.29915881299893954,0.3008619350002846,base,80.0,150.0,2.0,30.0,1.0,0.6850140627042766,0.0007342541722972164,74.02840338474071,27.97
135.803846761999,74.06,75.0,0.684443427176318,host,predictive,host,0,1533,74.059,74.059,True,17884.41218769,1.0,host,1532,0.2999919664105729,6.897891165738788e-05,0.29915881299893954,0.3008619350002846,base,80.0,150.0,2.0,30.0,1.0,0.6844443126184558,0.0010222840090391662,74.04335972175681,27.97
136.30476831200212,74.07,75.0,0.6842298008697643,host,predictive,host,0,1534,74.094,74.094,True,17884.712248844,1.0,host,1533,0.2999920115427258,6.897903322289879e-05,0.29915881299893954,0.3008619350002846,base,80.0,150.0,2.0,30.0,1.0,0.684236511569863,0.0011648868482594592,74.04931440519805,27.97
136.8051733300017,74.08,75.0,0.6837109941252766,host,predictive,host,0,1536,74.094,74.094,True,17885.31208154,1.0,host,1535,0.2999919129583052,6.899946901917012e-05,0.29915881299893954,0.3008619350002846,base,80.0,150.0,2.0,30.0,1.0,0.6837062043303224,0.0014465241216997538,74.06307311505746,27.97
137.3061675099998,74.1,75.0,0.6831158922713054,host,predictive,host,0,1538,74.129,74.129,True,17885.912090036,1.0,host,1537,0.2999919290091074,6.898803364181234e-05,0.29915881299893954,0.3008619350002846,base,80.0,150.0,2.0,30.0,1.0,0.6831152658507267,0.0017241203430071804,74.07817123128861,27.97
137.807982868002,74.11,75.0,0.6829022659647517,host,predictive,host,0,1539,74.129,74.129,True,17886.212138501,1.0,host,1538,0.29999196576852943,6.898065786725497e-05,0.29915881299893954,0.3008619350002846,base,80.0,150.0,2.0,30.0,1.0,0.6828983367438234,0.0018614929886475256,74.0841823623977,27.97
138.30894794699998,74.1,75.0,0.682887006942855,host,predictive,host,0,1541,74.094,74.094,True,17886.812158395,1.0,host,1540,0.2999919891207793,6.904262749472325e-05,0.29915881299893954,0.3008619350002846,base,80.0,150.0,2.0,30.0,1.0,0.6828798806691567,0.0021347539700535957,74.0889039330689,27.97
138.80946340599985,74.1,75.0,0.6832227054245823,host,predictive,host,0,1543,74.094,74.094,True,17887.412126204,1.0,host,1542,0.2999919786348882,6.906179277552603e-05,0.29915881299893954,0.3008619350002846,base,80.0,150.0,2.0,30.0,1.0,0.6832187334525593,0.0024082498248325043,74.08817963031959,27.97
139.31036550299905,74.09,75.0,0.683390554665446,host,predictive,host,0,1544,74.094,74.094,True,17887.712157026,1.0,host,1543,0.2999920038088123,6.904648688345704e-05,0.29915881299893954,0.3008619350002846,base,80.0,150.0,2.0,30.0,1.0,0.6833849053182585,0.0025450661361324043,74.08789125800067,27.97
139.81097243800104,74.08,75.0,0.6839856565194171,host,predictive,host,0,1546,74.094,74.094,True,17888.312147958,1.0,host,1545,0.2999920082906143,6.905101835039855e-05,0.29915881299893954,0.3008619350002846,base,80.0,150.0,2.0,30.0,1.0,0.6839826623580583,0.002819541388955842,74.08252192753149,27.97
140.31187700900045,74.05,75.0,0.6853131914244297,host,predictive,host,0,1548,74.024,74.024,True,17888.912118665,1.0,host,1547,0.29999199968713613,6.911787588259998e-05,0.29915881299893954,0.3008619350002846,base,80.0,150.0,2.0,30.0,1.0,0.6853103154280378,0.0030987829542090035,74.06518501283273,27.97
140.81327651600077,74.03,75.0,0.9853055619134814,host,predictive,host,0,1549,74.024,74.024,True,17889.212022585,1.0,host,1548,0.2999919427881137,6.913178052396645e-05,0.29915881299893954,0.3008619350002846,base,80.0,150.0,2.0,30.0,1.0,0.9853103154280378,0.0,,27.97
141.31420753000202,73.97,75.0,1.0,host,predictive,host,0,1551,73.92,73.92,True,17889.812109746,1.0,host,1550,0.2999920094174178,6.913581470364071e-05,0.29915881299893954,0.3008619350002846,base,80.0,150.0,2.0,30.0,1.0,1.0,0.0,,27.97
141.81516363700212,73.91,75.0,1.0,host,predictive,host,0,1553,73.92,73.92,True,17890.411968702,1.0,host,1552,0.29999192883569464,6.912791285825724e-05,0.29915881299893954,0.3008619350002846,base,80.0,150.0,2.0,30.0,1.0,1.0,0.0,,27.97
142.31606884999928,73.89,75.0,1.0,host,predictive,host,0,1554,73.85,73.85,True,17890.712029969,1.0,host,1553,0.2999919734835791,6.912803402983148e-05,0.29915881299893954,0.3008619350002846,base,80.0,150.0,2.0,30.0,1.0,1.0,0.0,,27.97
142.8167821240022,73.86,75.0,1.0,host,predictive,host,0,1556,73.85,73.85,True,17891.312051798,1.0,host,1555,0.29999199784501446,6.909416607813792e-05,0.29915881299893954,0.3008619350002846,base,80.0,150.0,2.0,30.0,1.0,1.0,0.0,,27.97
143.31802929300102,73.86,75.0,1.0,host,predictive,host,0,1558,73.885,73.885,True,17891.91200124,1.0,host,1557,0.29999197565253727,6.905280465354192e-05,0.29915881299893954,0.3008619350002846,base,80.0,150.0,2.0,30.0,1.0,1.0,0.0,,27.97
143.81858030900185,73.86,75.0,1.0,host,predictive,host,0,1559,73.885,73.885,True,17892.211938585,1.0,host,1558,0.2999919405879314,6.904450509363633e-05,0.29915881299893954,0.3008619350002846,base,80.0,150.0,2.0,30.0,1.0,1.0,0.0,,27.97
144.31983437500094,73.92,75.0,1.0,host,predictive,host,0,1561,73.989,73.989,True,17892.812007806,1.0,host,1560,0.2999919952929469,6.90245249442242e-05,0.29915881299893954,0.3008619350002846,base,80.0,150.0,2.0,30.0,1.0,1.0,0.0,,27.97
144.82059633899917,73.96,75.0,0.7101243610284581,host,predictive,host,0,1563,73.989,73.989,True,17893.411949172,1.0,host,1562,0.2999919680044815,6.900904604942652e-05,0.29915881299893954,0.3008619350002846,base,80.0,150.0,2.0,30.0,1.0,0.7101309515327433,0.00014765535294054073,74.0156309803964,27.97
145.3217593010013,73.99,75.0,0.6869916838330663,host,predictive,host,0,1564,74.059,74.059,True,17893.711933736,1.0,host,1563,0.29999196326743494,6.898722072471599e-05,0.29915881299893954,0.3008619350002846,base,80.0,150.0,2.0,30.0,1.0,0.6869972230550105,0.0002945742686874908,74.020540561687,27.97
145.82336783500068,74.05,75.0,0.6840619516289006,host,predictive,host,0,1566,74.059,74.059,True,17894.311982348,1.0,host,1565,0.29999200460000003,6.901038967423573e-05,0.29915881299893954,0.3008619350002846,base,80.0,150.0,2.0,30.0,1.0,0.6840640622083438,0.0005837571710038652,74.04244021244686,27.97
146.32461929599958,74.1,75.0,0.682581826504921,host,predictive,host,0,1568,74.164,74.164,True,17894.911947096,1.0,host,1567,0.2999919923082313,6.899869652969352e-05,0.29915881299893954,0.3008619350002846,base,80.0,150.0,2.0,30.0,1.0,0.6825866632332453,0.0008642059600592823,74.07200967965942,27.97
146.825078717,74.14,75.0,0.6814679179064622,host,predictive,host,0,1569,74.164,74.164,True,17895.211920807,1.0,host,1568,0.29999198064923394,6.897823490973021e-05,0.29915881299893954,0.3008619350002846,base,80.0,150.0,2.0,30.0,1.0,0.6814749121861468,0.001000168529574627,74.0935828698977,27.97
147.32593097300196,74.2,75.0,0.6793926909285115,host,predictive,host,0,1571,74.268,74.268,True,17895.811876226,1.0,host,1570,0.299991962469425,6.893895170972434e-05,0.29915881299893954,0.3008619350002846,base,80.0,150.0,2.0,30.0,1.0,0.6793892433419808,0.0012633913606297704,74.13303003948631,27.97
147.82735284999944,74.23,75.0,0.6776226443884947,host,predictive,host,0,1573,74.268,74.268,True,17896.411888644,1.0,host,1572,0.2999919805947837,6.891447563201535e-05,0.29915881299893954,0.3008619350002846,base,80.0,150.0,2.0,30.0,1.0,0.6776281099279918,0.0015157710181668087,74.16646822916121,27.97
148.32847153200055,74.24,75.0,0.6769512474250401,host,predictive,host,0,1574,74.268,74.268,True,17896.711858367,1.0,host,1573,0.29999196644500997,6.889485096296646e-05,0.29915881299893954,0.3008619350002846,base,80.0,150.0,2.0,30.0,1.0,0.6769504946752517,0.0016388038325924675,74.17978123716227,27.97
148.82919081900036,74.25,75.0,0.6759136339360647,host,predictive,host,0,1576,74.268,74.268,True,17897.311824959,1.0,host,1575,0.2999919554349204,6.886784315558946e-05,0.29915881299893954,0.3008619350002846,base,80.0,150.0,2.0,30.0,1.0,0.6759131664384602,0.0018799524999558775,74.20110236823827,27.97
149.33034835500075,74.25,75.0,0.6754711223010605,host,predictive,host,0,1578,74.233,74.233,True,17897.911863382,1.0,host,1577,0.29999199000190163,6.885513106577255e-05,0.29915881299893954,0.3008619350002846,base,80.0,150.0,2.0,30.0,1.0,0.6754787196939582,0.002116713785863789,74.21200031035808,27.97
149.83078070299962,74.24,75.0,0.6755016403448539,host,predictive,host,0,1580,74.233,74.233,True,17898.511810875,1.0,host,1579,0.2999919668942358,6.883004640266016e-05,0.29915881299893954,0.3008619350002846,base,80.0,150.0,2.0,30.0,1.0,0.6754970548630167,0.002352223892995212,74.21585869675903,27.97
150.33164211400072,74.23,75.0,0.6755321583886473,host,predictive,host,0,1581,74.233,74.233,True,17898.811858269,1.0,host,1580,0.2999920019746831,6.882238007713995e-05,0.29915881299893954,0.3008619350002846,base,80.0,150.0,2.0,30.0,1.0,0.6755309421150952,0.002469614663047776,74.21739486631624,27.97
150.8321518619996,74.23,75.0,0.6756389715419242,host,predictive,host,0,1583,74.233,74.233,True,17899.411840522,1.0,host,1582,0.2999920008678879,6.883006395032242e-05,0.29915881299893954,0.3008619350002846,base,80.0,150.0,2.0,30.0,1.0,0.6756354283502706,0.0027038288417758883,74.21985508210531,27.97
151.333425634999,74.23,75.0,0.6757763027389945,host,predictive,host,0,1585,74.233,74.233,True,17900.011729822,1.0,host,1584,0.2999919410814383,6.88099141023337e-05,0.29915881299893954,0.3008619350002846,base,80.0,150.0,2.0,30.0,1.0,0.6757781305738008,0.0029374520054984868,74.22167765478868,27.97
151.83400636499937,74.22,75.0,0.6761272602426185,host,predictive,host,0,1586,74.233,74.233,True,17900.311835968,1.0,host,1585,0.2999920131350158,6.884795350561714e-05,0.29915881299893954,0.3008619350002846,base,80.0,150.0,2.0,30.0,1.0,0.6761324214159576,0.003054826392113223,74.21750408923509,27.97
152.3352504530012,74.19,75.0,0.6770733196002137,host,predictive,host,0,1588,74.164,74.164,True,17900.911810454,1.0,host,1587,0.2999920071235024,6.887974157718843e-05,0.29915881299893954,0.3008619350002846,base,80.0,150.0,2.0,30.0,1.0,0.6770659690054288,0.0032918517996473728,74.20591874836602,27.97
152.8359869220003,74.18,75.0,0.6778515297169452,host,predictive,host,0,1590,74.164,74.164,True,17901.511726042,1.0,host,1589,0.29999196406104467,6.887529296034993e-05,0.29915881299893954,0.3008619350002846,base,80.0,150.0,2.0,30.0,1.0,0.677849275381747,0.003531660341217157,74.1973361167574,27.97
153.33693832800054,74.17,75.0,0.6783245593957428,host,predictive,host,0,1591,74.164,74.164,True,17901.811777626,1.0,host,1590,0.29999200155786127,6.886985266780594e-05,0.29915881299893954,0.3008619350002846,base,80.0,150.0,2.0,30.0,1.0,0.6783253430336259,0.0036529125611681388,74.19165186699345,27.97
153.83790982199935,74.15,75.0,0.679667353322652,host,predictive,host,0,1593,74.164,74.164,True,17902.411739471,1.0,host,1592,0.2999919876394472,6.884804447050305e-05,0.29915881299893954,0.3008619350002846,base,80.0,150.0,2.0,30.0,1.0,0.6796741340402542,0.0038996204465330457,74.17342471351532,27.97
154.33890151499872,74.13,75.0,0.6807660028992142,host,predictive,host,0,1595,74.129,74.129,True,17903.011645821,1.0,host,1594,0.2999919389410279,6.88487738870885e-05,0.29915881299893954,0.3008619350002846,base,80.0,150.0,2.0,30.0,1.0,0.6807695293547618,0.0041507070214670426,74.15992170610754,27.97
154.84086531299909,74.13,75.0,0.6812390325780118,host,predictive,host,0,1596,74.129,74.129,True,17903.311693409,1.0,host,1595,0.29999197383071996,6.884128226446308e-05,0.29915881299893954,0.3008619350002846,base,80.0,150.0,2.0,30.0,1.0,0.681234887832384,0.00427752517424441,74.15454564815089,27.97
155.3419628110023,74.11,75.0,0.6825665674830244,host,predictive,host,0,1598,74.094,74.094,True,17903.911671507,1.0,host,1597,0.2999919701678148,6.880189611089646e-05,0.29915881299893954,0.3008619350002846,base,80.0,150.0,2.0,30.0,1.0,0.682565966515905,0.004535251990074296,74.13680820888912,27.97
155.84393119499873,74.09,75.0,0.6839246204318303,host,predictive,host,0,1600,74.094,74.094,True,17904.511618136,1.0,host,1599,0.2999919468336448,6.8762310980629e-05,0.29915881299893954,0.3008619350002846,base,80.0,150.0,2.0,30.0,1.0,0.6839233699073944,0.004797975976148168,74.11876049604984,27.97
156.34494494400133,74.08,75.0,0.6846417944609751,host,predictive,host,0,1601,74.059,74.059,True,17904.811685365,1.0,host,1600,0.29999199388499875,6.876656284699437e-05,0.29915881299893954,0.3008619350002846,base,80.0,150.0,2.0,30.0,1.0,0.6846425063369662,0.004931580232385953,74.10930495841477,27.97
156.84677831000226,74.06,75.0,0.6858625162127108,host,predictive,host,0,1603,74.059,74.059,True,17905.411705047,1.0,host,1602,0.29999201616604265,6.880089207141377e-05,0.29915881299893954,0.3008619350002846,base,80.0,150.0,2.0,30.0,1.0,0.6858591637096957,0.005202281007045648,74.09416166718448,27.97
157.34783344899915,74.04,75.0,0.6873731593804837,host,predictive,host,0,1605,74.024,74.024,True,17906.011612827,1.0,host,1604,0.29999196862718036,6.877125775243147e-05,0.29915881299893954,0.3008619350002846,base,80.0,150.0,2.0,30.0,1.0,0.687369979996694,0.005478726370101542,74.07380794405167,27.97
157.8485820570022,74.04,75.0,0.6877393759060044,host,predictive,host,0,1606,74.024,74.024,True,17906.311526681,1.0,host,1605,0.29999191995763064,6.877745711844437e-05,0.29915881299893954,0.3008619350002846,base,80.0,150.0,2.0,30.0,1.0,0.6877434621559257,0.00561813427934915,74.07061393834928,27.97
158.3488088660015,74.02,75.0,0.988342107270924,host,predictive,host,0,1608,73.989,73.989,True,17906.911541515,1.0,host,1607,0.299991939244555,6.87369685793058e-05,0.29915881299893954,0.3008619350002846,base,80.0,150.0,2.0,30.0,1.0,0.9883374289946469,0.0,,27.97
158.85013786499985,74.0,75.0,1.0,host,predictive,host,0,1610,73.989,73.989,True,17907.511594062,1.0,host,1609,0.2999919819223124,6.87152761012058e-05,0.29915881299893954,0.3008619350002846,base,80.0,150.0,2.0,30.0,1.0,1.0,0.0,,27.97
159.3513154220018,73.98,75.0,1.0,host,predictive,host,0,1611,73.955,73.955,True,17907.811533133,1.0,host,1610,0.29999194905838505,6.870658019473807e-05,0.29915881299893954,0.3008619350002846,base,80.0,150.0,2.0,30.0,1.0,1.0,0.0,,27.97
159.85156207999898,73.97,75.0,1.0,host,predictive,host,0,1613,73.955,73.955,True,17908.41149161,1.0,host,1612,0.2999919332884613,6.86746351487781e-05,0.29915881299893954,0.3008619350002846,base,80.0,150.0,2.0,30.0,1.0,1.0,0.0,,27.97
160.3526211190001,73.96,75.0,1.0,host,predictive,host,0,1615,73.955,73.955,True,17909.011566525,1.0,host,1614,0.29999198970012414,6.866089791356048e-05,0.29915881299893954,0.3008619350002846,base,80.0,150.0,2.0,30.0,1.0,1.0,0.0,,27.97
160.8537820700003,73.96,75.0,1.0,host,predictive,host,0,1616,73.955,73.955,True,17909.311523113,1.0,host,1615,0.29999196777956566,6.864528653849541e-05,0.29915881299893954,0.3008619350002846,base,80.0,150.0,2.0,30.0,1.0,1.0,0.0,,27.97
161.3554181010004,73.97,75.0,1.0,host,predictive,host,0,1618,73.989,73.989,True,17909.911558313,1.0,host,1617,0.29999199948299293,6.861514792001266e-05,0.29915881299893954,0.3008619350002846,base,80.0,150.0,2.0,30.0,1.0,1.0,0.0,,27.97
161.8570417459996,73.99,75.0,0.6872663462272068,host,predictive,host,0,1620,73.989,73.989,True,17910.511409696,1.0,host,1619,0.29999191757072124,6.862254983332501e-05,0.29915881299893954,0.3008619350002846,base,80.0,150.0,2.0,30.0,1.0,0.6872696123809187,0.00029531070588108147,74.0156309803964,27.97
162.35831237399907,74.01,75.0,0.6853284504463264,host,predictive,host,0,1621,74.059,74.059,True,17910.811444809,1.0,host,1620,0.29999194423456615,6.860975562709053e-05,0.29915881299893954,0.3008619350002846,base,80.0,150.0,2.0,30.0,1.0,0.6853302092333795,0.00044222962162803153,74.020540561687,27.97
162.85959296500005,74.05,75.0,0.6844892042420081,host,predictive,host,0,1623,74.059,74.059,True,17911.4114802,1.0,host,1622,0.2999919759870526,6.857352635006737e-05,0.29915881299893954,0.3008619350002846,base,80.0,150.0,2.0,30.0,1.0,0.6844850926883417,0.0007321483359355404,74.03753479917263,27.97
163.36087653800132,74.07,75.0,0.6840314335851072,host,predictive,host,0,1625,74.094,74.094,True,17912.011474336,1.0,host,1624,0.29999198225800366,6.853425155634196e-05,0.29915881299893954,0.3008619350002846,base,80.0,150.0,2.0,30.0,1.0,0.6840276006192807,0.0010179845427630836,74.05012443994859,27.97
163.86698740499924,74.08,75.0,0.6836041809719997,host,predictive,host,0,1626,74.094,74.094,True,17912.311456487,1.0,host,1625,0.299991976208,6.851359465147704e-05,0.29915881299893954,0.3008619350002846,base,80.0,150.0,2.0,30.0,1.0,0.6836039404103992,0.0011589782029563513,74.06004226537821,27.97
164.36221298500095,74.13,75.0,0.6821393148699169,host,predictive,host,0,1628,74.199,74.199,True,17912.911430729,1.0,host,1627,0.29999197023970436,6.847488157906583e-05,0.29915881299893954,0.3008619350002846,base,80.0,150.0,2.0,30.0,1.0,0.6821402532280568,0.001434463279732955,74.08995086749204,27.97
164.86272583699974,74.14,75.0,0.6813611047531853,host,predictive,host,0,1630,74.199,74.199,True,17913.511415564,1.0,host,1629,0.29999197078882706,6.844164993330428e-05,0.29915881299893954,0.3008619350002846,base,80.0,150.0,2.0,30.0,1.0,0.6813537937735592,0.0017034986349838915,74.1072064385934,27.97
165.36374529599925,74.16,75.0,0.6808117799649043,host,predictive,host,0,1631,74.199,74.199,True,17913.811400725,1.0,host,1630,0.29999196661104266,6.842086011712252e-05,0.29915881299893954,0.3008619350002846,base,80.0,150.0,2.0,30.0,1.0,0.680807402614858,0.0018356519649261804,74.11897780038474,27.97
