elapsed_s,temperature_c,target_c,power,controller_state,fault,mcu_samples,mcu_temperature_c,loop_clock,loop_clock_frequency,loop_clock_source,loop_dt_count,loop_dt_mean_s,loop_dt_stddev_s,loop_dt_min_s,loop_dt_max_s
0.0010549540165811777,27.72,100.0,1.0,active,0,973,50.873,1950046930,64000000,mcu,972,0.30000053703703705,2.4405833704114e-06,0.299987,0.300049
0.5005520909908228,27.83,100.0,1.0,active,0,973,50.873,1950046930,64000000,mcu,972,0.30000053703703705,2.4405833704114e-06,0.299987,0.300049
1.0018396219820715,28.12,100.0,1.0,active,0,976,51.176,2007647116,64000000,mcu,975,0.30000053846153846,2.4382229115627285e-06,0.299987,0.300049
1.5023627139744349,29.16,100.0,1.0,active,0,976,51.176,2007647116,64000000,mcu,975,0.30000053846153846,2.4382229115627285e-06,0.299987,0.300049
2.003299600968603,30.78,100.0,1.0,active,0,980,52.389,2084447090,64000000,mcu,979,0.3000005362614913,2.435157604927405e-06,0.299987,0.300049
2.5042187409708276,31.73,100.0,1.0,active,0,980,52.389,2084447090,64000000,mcu,979,0.3000005362614913,2.435157604927405e-06,0.299987,0.300049
3.0052516179857776,33.86,100.0,1.0,active,0,983,53.636,2142047477,64000000,mcu,982,0.30000054073319754,2.4344503580735426e-06,0.299987,0.300049
3.5070897950208746,36.29,100.0,1.0,active,0,983,53.636,2142047477,64000000,mcu,982,0.30000054073319754,2.4344503580735426e-06,0.299987,0.300049
4.008097290003207,37.56,100.0,1.0,active,0,986,55.186,2199647804,64000000,mcu,985,0.3000005431472081,2.433358741561096e-06,0.299987,0.300049
4.508662516018376,40.2,100.0,1.0,active,0,986,55.186,2199647804,64000000,mcu,985,0.3000005431472081,2.433358741561096e-06,0.299987,0.300049
5.009382218006067,42.9,100.0,1.0,active,0,990,57.612,2276448085,64000000,mcu,989,0.30000054398382203,2.431537127948422e-06,0.299987,0.300049
5.510382679000031,44.3,100.0,1.0,active,0,990,57.612,2276448085,64000000,mcu,989,0.30000054398382203,2.431537127948422e-06,0.299987,0.300049
6.011299511999823,47.08,100.0,1.0,active,0,993,59.735,2334047624,64000000,mcu,992,0.3000005362903226,2.4347727812586455e-06,0.299987,0.300049
6.512253045977559,49.87,100.0,1.0,active,0,993,59.735,2334047624,64000000,mcu,992,0.3000005362903226,2.4347727812586455e-06,0.299987,0.300049
7.0131783339893445,51.28,100.0,1.0,active,0,996,62.06,2391648072,64000000,mcu,995,0.30000054070351756,2.433662894271195e-06,0.299987,0.300049
7.514435047982261,54.07,100.0,1.0,active,0,996,62.06,2391648072,64000000,mcu,995,0.30000054070351756,2.433662894271195e-06,0.299987,0.300049
8.015922010003123,56.86,100.0,1.0,active,0,1000,65.463,2468448398,64000000,mcu,999,0.30000054254254255,2.431842058551435e-06,0.299987,0.300049
8.516944396018516,58.23,100.0,1.0,active,0,1000,65.463,2468448398,64000000,mcu,999,0.30000054254254255,2.431842058551435e-06,0.299987,0.300049
9.018132917990442,60.96,100.0,1.0,active,0,1003,68.192,2526048353,64000000,mcu,1002,0.30000054091816364,2.428379768218315e-06,0.299987,0.300049
9.519395820971113,63.68,100.0,1.0,active,0,1003,68.192,2526048353,64000000,mcu,1002,0.30000054091816364,2.428379768218315e-06,0.299987,0.300049
10.02032142697135,65.01,100.0,1.0,active,0,1006,71.09,2583648465,64000000,mcu,1005,0.3000005412935323,2.424899098974414e-06,0.299987,0.300049
10.52142341202125,67.66,100.0,1.0,active,0,1006,71.09,2583648465,64000000,mcu,1005,0.3000005412935323,2.424899098974414e-06,0.299987,0.300049
11.022433609003201,70.29,100.0,1.0,active,0,1010,75.201,2660448757,64000000,mcu,1009,0.30000054212091176,2.4215050446197076e-06,0.299987,0.300049
11.523401086975355,71.59,100.0,1.0,active,0,1010,75.201,2660448757,64000000,mcu,1009,0.30000054212091176,2.4215050446197076e-06,0.299987,0.300049
12.024502126965672,74.16,100.0,1.0,active,0,1013,78.368,2718048702,64000000,mcu,1012,0.3000005385375494,2.4222080695895034e-06,0.299987,0.300049
12.526059321011417,76.68,100.0,1.0,active,0,1013,78.368,2718048702,64000000,mcu,1012,0.3000005385375494,2.4222080695895034e-06,0.299987,0.300049
13.027294227969833,77.94,100.0,1.0,active,0,1016,81.636,2775648966,64000000,mcu,1015,0.30000053990147785,2.4199771993689935e-06,0.299987,0.300049
13.528835388016887,80.41,100.0,1.0,active,0,1016,81.636,2775648966,64000000,mcu,1015,0.30000053990147785,2.4199771993689935e-06,0.299987,0.300049
14.029678651015274,82.85,100.0,1.0,active,0,1020,86.05,2852449345,64000000,mcu,1019,0.30000054367026496,2.421851511362807e-06,0.299987,0.300049
14.531421902007423,84.06,100.0,1.0,active,0,1020,86.05,2852449345,64000000,mcu,1019,0.30000054367026496,2.421851511362807e-06,0.299987,0.300049
15.032238228013739,86.46,100.0,0.9644312199588007,active,0,1023,89.42,2910049273,64000000,mcu,1022,0.30000054011741684,2.419719862550035e-06,0.299987,0.300049
15.532896329998039,88.81,100.0,0.9644312199588007,active,0,1023,89.42,2910049273,64000000,mcu,1022,0.30000054011741684,2.419719862550035e-06,0.299987,0.300049
16.03388045198517,89.96,100.0,0.5960021362630655,active,0,1026,92.722,2967648867,64000000,mcu,1025,0.3000005326829268,2.4313310861921124e-06,0.299987,0.300049
16.53491370996926,92.19,100.0,0.5960021362630655,active,0,1026,92.722,2967648867,64000000,mcu,1025,0.3000005326829268,2.4313310861921124e-06,0.299987,0.300049
17.03634550102288,94.2,100.0,0.19645990691996643,active,0,1030,96.496,3044449584,64000000,mcu,1029,0.30000053935860055,2.430302699570915e-06,0.299987,0.300049
17.537216253986116,95.11,100.0,0.19645990691996643,active,0,1030,96.496,3044449584,64000000,mcu,1029,0.30000053935860055,2.430302699570915e-06,0.299987,0.300049
18.038110864988994,96.69,100.0,0.07331960021362631,active,0,1033,98.45,3102049301,64000000,mcu,1032,0.3000005339147287,2.430589335914355e-06,0.299987,0.300049
18.539245245978236,97.93,100.0,0.07331960021362631,active,0,1033,98.45,3102049301,64000000,mcu,1032,0.3000005339147287,2.430589335914355e-06,0.299987,0.300049
19.04034538997803,98.88,100.0,0.084443427176318,active,0,1036,99.629,3159649507,64000000,mcu,1035,0.3000005342995169,2.427207370711153e-06,0.299987,0.300049
19.541861212986987,99.25,100.0,0.084443427176318,active,0,1036,99.629,3159649507,64000000,mcu,1035,0.3000005342995169,2.427207370711153e-06,0.299987,0.300049
20.042652094969526,99.84,100.0,0.1378347447928588,active,0,1040,100.472,3236450008,64000000,mcu,1039,0.30000053801732435,2.426642367883151e-06,0.299987,0.300049
20.54312922799727,100.26,100.0,0.1378347447928588,active,0,1040,100.472,3236450008,64000000,mcu,1039,0.30000053801732435,2.426642367883151e-06,0.299987,0.300049
21.044005741016008,100.43,100.0,0.1445944914930953,active,0,1043,100.842,3294049892,64000000,mcu,1042,0.3000005345489443,2.430464091209766e-06,0.299987,0.300049
21.545664989971556,100.71,100.0,0.1445944914930953,active,0,1043,100.842,3294049892,64000000,mcu,1042,0.3000005345489443,2.430464091209766e-06,0.299987,0.300049
22.04666943999473,100.92,100.0,0.13611047531853207,active,0,1046,101.078,3351650000,64000000,mcu,1045,0.30000053397129184,2.520735826940953e-06,0.299984,0.300049
22.548032480000984,100.99,100.0,0.13611047531853207,active,0,1046,101.078,3351650000,64000000,mcu,1045,0.30000053397129184,2.520735826940953e-06,0.299984,0.300049
23.048875219014008,101.11,100.0,0.11332875562676432,active,0,1050,101.247,3428450538,64000000,mcu,1049,0.3000005376549094,2.517197783582993e-06,0.299984,0.300049
23.55026840697974,101.19,100.0,0.11332875562676432,active,0,1050,101.247,3428450538,64000000,mcu,1049,0.3000005376549094,2.517197783582993e-06,0.299984,0.300049
24.051534944970626,101.2,100.0,0.11450370031280994,active,0,1053,101.247,3486050377,64000000,mcu,1052,0.3000005342205323,2.5183297736205833e-06,0.299984,0.300049
24.552008321974427,101.21,100.0,0.11450370031280994,active,0,1053,101.247,3486050377,64000000,mcu,1052,0.3000005342205323,2.5183297736205833e-06,0.299984,0.300049
25.0529805389815,101.2,100.0,0.10388342107270924,active,0,1056,101.213,3543650448,64000000,mcu,1055,0.30000053459715637,2.5152590632482727e-06,0.299984,0.300049
25.554490751004778,101.18,100.0,0.10388342107270924,active,0,1056,101.213,3543650448,64000000,mcu,1055,0.30000053459715637,2.5152590632482727e-06,0.299984,0.300049
26.05542837601388,101.12,100.0,0.12181277180132753,active,0,1060,101.045,3620450963,64000000,mcu,1059,0.30000053918791314,2.5170098762788848e-06,0.299984,0.300049
26.55649333097972,101.03,100.0,0.12181277180132753,active,0,1060,101.045,3620450963,64000000,mcu,1059,0.30000053918791314,2.5170098762788848e-06,0.299984,0.300049
27.05739450000692,100.99,100.0,0.12721446555275806,active,0,1063,100.91,3678050922,64000000,mcu,1062,0.3000005376647834,2.5151131525471622e-06,0.299984,0.300049
27.55875720200129,100.92,100.0,0.12721446555275806,active,0,1063,100.91,3678050922,64000000,mcu,1062,0.3000005376647834,2.5151131525471622e-06,0.299984,0.300049
28.05986297497293,100.85,100.0,0.11912718394750896,active,0,1066,100.809,3735650697,64000000,mcu,1065,0.3000005333333333,2.5155043486993832e-06,0.299984,0.300049
28.561658521997742,100.82,100.0,0.11912718394750896,active,0,1066,100.809,3735650697,64000000,mcu,1065,0.3000005333333333,2.5155043486993832e-06,0.299984,0.300049
29.062540506012738,100.73,100.0,0.12997634851606013,active,0,1070,100.64,3812451193,64000000,mcu,1069,0.30000053788587466,2.514265309929592e-06,0.299984,0.300049
29.563744258019142,100.66,100.0,0.12997634851606013,active,0,1070,100.64,3812451193,64000000,mcu,1069,0.30000053788587466,2.514265309929592e-06,0.299984,0.300049
30.06485824601259,100.62,100.0,0.128725108720531,active,0,1073,100.539,3870051249,64000000,mcu,1072,0.300000536380597,2.512391149479263e-06,0.299984,0.300049
30.56627374398522,100.55,100.0,0.128725108720531,active,0,1073,100.539,3870051249,64000000,mcu,1072,0.300000536380597,2.512391149479263e-06,0.299984,0.300049
31.067344059993047,100.48,100.0,0.1322194247348745,active,0,1076,100.438,3927651233,64000000,mcu,1075,0.3000005348837209,2.509042597071847e-06,0.299984,0.300049
31.569280622003134,100.46,100.0,0.1322194247348745,active,0,1076,100.438,3927651233,64000000,mcu,1075,0.3000005348837209,2.509042597071847e-06,0.299984,0.300049
32.07061648397939,100.4,100.0,0.13202105745021744,active,0,1080,100.337,4004451667,64000000,mcu,1079,0.3000005393883225,2.5118949635611217e-06,0.299984,0.300049
32.57201610301854,100.34,100.0,0.13202105745021744,active,0,1080,100.337,4004451667,64000000,mcu,1079,0.3000005393883225,2.5118949635611217e-06,0.299984,0.300049
33.07295789400814,100.32,100.0,0.1309834439612421,active,0,1083,100.27,4062051654,64000000,mcu,1082,0.3000005369685767,2.5089527785957425e-06,0.299984,0.300049
33.57454530202085,100.26,100.0,0.1309834439612421,active,0,1083,100.27,4062051654,64000000,mcu,1082,0.3000005369685767,2.5089527785957425e-06,0.299984,0.300049
34.07555254100589,100.22,100.0,0.13482871747920958,active,0,1086,100.202,4119651583,64000000,mcu,1085,0.300000534562212,2.506021121026895e-06,0.299984,0.300049
34.57757385598961,100.2,100.0,0.13482871747920958,active,0,1086,100.202,4119651583,64000000,mcu,1085,0.300000534562212,2.506021121026895e-06,0.299984,0.300049
35.07878617901588,100.18,100.0,0.12472724498359655,active,0,1090,100.168,4196451916,64000000,mcu,1089,0.300000536271809,2.5118300930751653e-06,0.299984,0.300049
35.57986294396687,100.16,100.0,0.12472724498359655,active,0,1090,100.168,4196451916,64000000,mcu,1089,0.300000536271809,2.5118300930751653e-06,0.299984,0.300049
36.08098379999865,100.14,100.0,0.14099336232547494,active,0,1093,100.101,4254051966,64000000,mcu,1092,0.3000005347985348,2.5088994813988504e-06,0.299984,0.300049
36.582210864988156,100.12,100.0,0.14099336232547494,active,0,1093,100.101,4254051966,64000000,mcu,1092,0.3000005347985348,2.5088994813988504e-06,0.299984,0.300049
37.08319200499682,100.1,100.0,0.12805371175707636,active,0,1096,100.101,16684536,64000000,mcu,1095,0.30000053242009134,2.5103619209604444e-06,0.299984,0.300049
37.58470333798323,100.09,100.0,0.12805371175707636,active,0,1096,100.101,16684536,64000000,mcu,1095,0.30000053242009134,2.5103619209604444e-06,0.299984,0.300049
38.085806910006795,100.07,100.0,0.13002212558175022,active,0,1100,100.067,93485034,64000000,mcu,1099,0.3000005368516833,2.508086558788077e-06,0.299984,0.300049
38.58700665400829,100.05,100.0,0.13002212558175022,active,0,1100,100.067,93485034,64000000,mcu,1099,0.3000005368516833,2.508086558788077e-06,0.299984,0.300049
39.08812912297435,100.04,100.0,0.13704127565423058,active,0,1103,100.034,151085185,64000000,mcu,1102,0.3000005372050817,2.5055246744785087e-06,0.299984,0.300049
39.58955512999091,100.04,100.0,0.13704127565423058,active,0,1103,100.034,151085185,64000000,mcu,1102,0.3000005372050817,2.5055246744785087e-06,0.299984,0.300049
40.09045640198747,100.03,100.0,0.13241779201953155,active,0,1106,100.034,208684874,64000000,mcu,1105,0.3000005321266968,2.5048567308064676e-06,0.299984,0.300049
40.59185843198793,100.02,100.0,0.13241779201953155,active,0,1106,100.034,208684874,64000000,mcu,1105,0.3000005321266968,2.5048567308064676e-06,0.299984,0.300049
41.09290780097945,100.02,100.0,0.14268711375600823,active,0,1110,100.0,285485330,64000000,mcu,1109,0.3000005356176736,2.5015492227578913e-06,0.299984,0.300049
41.59419034497114,100.01,100.0,0.14268711375600823,active,0,1110,100.0,285485330,64000000,mcu,1109,0.3000005356176736,2.5015492227578913e-06,0.299984,0.300049
42.095093054987956,100.0,100.0,0.13812466620889602,active,0,1113,100.0,343085663,64000000,mcu,1112,0.30000053866906473,2.5022179424440736e-06,0.299984,0.300049
42.59668955800589,100.0,100.0,0.13812466620889602,active,0,1113,100.0,343085663,64000000,mcu,1112,0.30000053866906473,2.5022179424440736e-06,0.299984,0.300049
43.09770969999954,100.01,100.0,0.12141603723201343,active,0,1116,100.034,400685701,64000000,mcu,1115,0.3000005372197309,2.5004403883265877e-06,0.299984,0.300049
43.599091036012396,100.02,100.0,0.12141603723201343,active,0,1116,100.034,400685701,64000000,mcu,1115,0.3000005372197309,2.5004403883265877e-06,0.299984,0.300049
44.10023980902042,100.02,100.0,0.12558175020981155,active,0,1120,100.034,477485784,64000000,mcu,1119,0.30000053619302947,2.6106067045378636e-06,0.299983,0.300049
44.60181325802114,100.02,100.0,0.12558175020981155,active,0,1120,100.034,477485784,64000000,mcu,1119,0.30000053619302947,2.6106067045378636e-06,0.299983,0.300049
45.10278426599689,100.01,100.0,0.13890287632562753,active,0,1123,100.0,535086855,64000000,mcu,1122,0.30000054812834226,2.642701089021772e-06,0.299983,0.300049
45.60427926998818,100.0,100.0,0.13890287632562753,active,0,1123,100.0,535086855,64000000,mcu,1122,0.30000054812834226,2.642701089021772e-06,0.299983,0.300049
46.10561916499864,100.0,100.0,0.13525597009231707,active,0,1126,100.0,592686891,64000000,mcu,1125,0.30000054666666665,2.7407703702102124e-06,0.29998199999999997,0.300049
46.60643658100162,100.0,100.0,0.13525597009231707,active,0,1126,100.0,592686891,64000000,mcu,1125,0.30000054666666665,2.7407703702102124e-06,0.29998199999999997,0.300049
47.107366398966406,100.0,100.0,0.134355687800412,active,0,1130,100.0,669486934,64000000,mcu,1129,0.30000054561558903,2.8230828868410636e-06,0.29998199999999997,0.300049
47.60857711697463,100.0,100.0,0.134355687800412,active,0,1130,100.0,669486934,64000000,mcu,1129,0.30000054561558903,2.8230828868410636e-06,0.29998199999999997,0.300049
48.10954289697111,100.0,100.0,0.134355687800412,active,0,1133,100.0,727087342,64000000,mcu,1132,0.30000054946996463,2.821583534351593e-06,0.29998199999999997,0.300049
48.61084083496826,100.0,100.0,0.134355687800412,active,0,1133,100.0,727087342,64000000,mcu,1132,0.30000054946996463,2.821583534351593e-06,0.29998199999999997,0.300049
49.11213788797613,100.0,100.0,0.134355687800412,active,0,1136,100.0,784687342,64000000,mcu,1135,0.30000054801762116,2.8179933247870053e-06,0.29998199999999997,0.300049
49.61250981997,100.0,100.0,0.134355687800412,active,0,1136,100.0,784687342,64000000,mcu,1135,0.30000054801762116,2.8179933247870053e-06,0.29998199999999997,0.300049
50.11374274099944,100.01,100.0,0.11946288242923629,active,0,1140,100.034,861487672,64000000,mcu,1139,0.3000005504828797,2.822810515236681e-06,0.29998199999999997,0.300049
50.61512480099918,100.02,100.0,0.11946288242923629,active,0,1140,100.034,861487672,64000000,mcu,1139,0.3000005504828797,2.822810515236681e-06,0.29998199999999997,0.300049
51.116438983008265,100.01,100.0,0.13792629892423897,active,0,1143,100.0,919087792,64000000,mcu,1142,0.3000005499124343,2.8269801874213866e-06,0.29998199999999997,0.300049
51.61750092997681,100.0,100.0,0.13792629892423897,active,0,1143,100.0,919087792,64000000,mcu,1142,0.3000005499124343,2.8269801874213866e-06,0.29998199999999997,0.300049
52.11844260501675,100.0,100.0,0.1342793926909285,active,0,1146,100.0,976687810,64000000,mcu,1145,0.3000005475982533,2.8243569264890292e-06,0.29998199999999997,0.300049
52.61982532200636,100.0,100.0,0.1342793926909285,active,0,1146,100.0,976687810,64000000,mcu,1145,0.3000005475982533,2.8243569264890292e-06,0.29998199999999997,0.300049
53.12107885797741,100.0,100.0,0.13337911039902342,active,0,1150,100.0,1053487936,64000000,mcu,1149,0.30000054743255006,2.8239102392222358e-06,0.29998199999999997,0.300049
53.62238890398294,100.0,100.0,0.13337911039902342,active,0,1150,100.0,1053487936,64000000,mcu,1149,0.30000054743255006,2.8239102392222358e-06,0.29998199999999997,0.300049
54.12335691699991,100.0,100.0,0.13337911039902342,active,0,1153,100.0,1111087900,64000000,mcu,1152,0.3000005460069444,2.8335725438151196e-06,0.29998199999999997,0.300049
54.62361967196921,100.01,100.0,0.13337911039902342,active,0,1153,100.0,1111087900,64000000,mcu,1152,0.3000005460069444,2.8335725438151196e-06,0.29998199999999997,0.300049
55.124543831974734,100.02,100.0,0.11999694819562066,active,0,1156,100.034,1168688112,64000000,mcu,1155,0.3000005463203463,2.830304751839866e-06,0.29998199999999997,0.300049
55.625636915967334,100.02,100.0,0.11999694819562066,active,0,1156,100.034,1168688112,64000000,mcu,1155,0.3000005463203463,2.830304751839866e-06,0.29998199999999997,0.300049
56.12674507900374,100.02,100.0,0.13722438391699093,active,0,1160,100.0,1245488418,64000000,mcu,1159,0.30000054874892146,2.8288840054126487e-06,0.29998199999999997,0.300049
56.628674904990476,100.01,100.0,0.13722438391699093,active,0,1160,100.0,1245488418,64000000,mcu,1159,0.30000054874892146,2.8288840054126487e-06,0.29998199999999997,0.300049
57.129861081019044,100.0,100.0,0.13357747768368047,active,0,1163,100.0,1303088499,64000000,mcu,1162,0.30000054819277105,2.8290053482808734e-06,0.29998199999999997,0.300049
57.63122081698384,100.0,100.0,0.13357747768368047,active,0,1163,100.0,1303088499,64000000,mcu,1162,0.30000054819277105,2.8290053482808734e-06,0.29998199999999997,0.300049
58.13222127198242,100.0,100.0,0.1317463950560769,active,0,1166,100.0,1360688690,64000000,mcu,1165,0.30000054849785407,2.8303247317057574e-06,0.29998199999999997,0.300049
58.633830295002554,100.0,100.0,0.1317463950560769,active,0,1166,100.0,1360688690,64000000,mcu,1165,0.30000054849785407,2.8303247317057574e-06,0.29998199999999997,0.300049
59.13504174299305,99.99,100.0,0.13025101091020067,active,0,1170,100.0,1437488519,64000000,mcu,1169,0.30000054405474763,2.837784467638446e-06,0.29998199999999997,0.300049
59.636527639988344,99.99,100.0,0.13025101091020067,active,0,1170,100.0,1437488519,64000000,mcu,1169,0.30000054405474763,2.837784467638446e-06,0.29998199999999997,0.300049
60.13741750398185,99.99,100.0,0.13025101091020067,active,0,1173,100.0,1495088787,64000000,mcu,1172,0.3000005460750853,2.835133061355474e-06,0.29998199999999997,0.300049
60.63920017698547,99.99,100.0,0.13025101091020067,active,0,1173,100.0,1495088787,64000000,mcu,1172,0.3000005460750853,2.835133061355474e-06,0.29998199999999997,0.300049
61.13930002896814,100.0,100.0,0.13025101091020067,active,0,1176,100.0,1552689189,64000000,mcu,1175,0.300000549787234,2.8333631541405497e-06,0.29998199999999997,0.300049
61.64080922800349,100.0,100.0,0.13025101091020067,active,0,1176,100.0,1552689189,64000000,mcu,1175,0.300000549787234,2.8333631541405497e-06,0.29998199999999997,0.300049
62.141851374995895,100.0,100.0,0.13025101091020067,active,0,1180,100.0,1629488789,64000000,mcu,1179,0.3000005428329092,2.838692273503735e-06,0.29998199999999997,0.300049
62.64328733901493,100.0,100.0,0.13025101091020067,active,0,1180,100.0,1629488789,64000000,mcu,1179,0.3000005428329092,2.838692273503735e-06,0.29998199999999997,0.300049
63.144293590972666,100.01,100.0,0.11537346456092165,active,0,1183,100.034,1687089370,64000000,mcu,1182,0.30000054822335026,2.8386907549484365e-06,0.29998199999999997,0.300049
63.64599998202175,100.02,100.0,0.11537346456092165,active,0,1183,100.034,1687089370,64000000,mcu,1182,0.30000054822335026,2.8386907549484365e-06,0.29998199999999997,0.300049
64.14715898199938,100.01,100.0,0.1347371633478294,active,0,1186,100.0,1744689351,64000000,mcu,1185,0.3000005459915612,2.836135639742464e-06,0.29998199999999997,0.300049
64.64916638599243,100.0,100.0,0.1347371633478294,active,0,1186,100.0,1744689351,64000000,mcu,1185,0.3000005459915612,2.836135639742464e-06,0.29998199999999997,0.300049
65.15030951600056,100.0,100.0,0.13110551613641566,active,0,1190,100.0,1821489180,64000000,mcu,1189,0.3000005424726661,2.8336416358468985e-06,0.29998199999999997,0.300049
65.65191064099781,100.0,100.0,0.13110551613641566,active,0,1190,100.0,1821489180,64000000,mcu,1189,0.3000005424726661,2.8336416358468985e-06,0.29998199999999997,0.300049
66.15310722298454,100.0,100.0,0.13110551613641566,active,0,1193,100.0,1879089628,64000000,mcu,1192,0.3000005453020134,2.833102754492453e-06,0.29998199999999997,0.300049
66.65451609500451,100.0,100.0,0.13110551613641566,active,0,1193,100.0,1879089628,64000000,mcu,1192,0.3000005453020134,2.833102754492453e-06,0.29998199999999997,0.300049
67.15564466296928,100.0,100.0,0.13110551613641566,active,0,1196,100.0,1936689961,64000000,mcu,1195,0.3000005472803347,2.8302133605405644e-06,0.29998199999999997,0.300049
67.65693587396527,100.01,100.0,0.13110551613641566,active,0,1196,100.0,1936689961,64000000,mcu,1195,0.3000005472803347,2.8302133605405644e-06,0.29998199999999997,0.300049
68.15804923902033,100.0,100.0,0.1326009002822919,active,0,1200,100.0,2013489703,64000000,mcu,1199,0.30000054295246037,2.8268842127335245e-06,0.29998199999999997,0.300049
68.65956884401385,100.01,100.0,0.1326009002822919,active,0,1200,100.0,2013489703,64000000,mcu,1199,0.30000054295246037,2.8268842127335245e-06,0.29998199999999997,0.300049
69.16083387099206,100.0,100.0,0.13226520180056459,active,0,1203,100.0,2071090057,64000000,mcu,1202,0.3000005449251248,2.8243171016901636e-06,0.29998199999999997,0.300049
69.66214678599499,100.0,100.0,0.13226520180056459,active,0,1203,100.0,2071090057,64000000,mcu,1202,0.3000005449251248,2.8243171016901636e-06,0.29998199999999997,0.300049
70.16333675500937,100.0,100.0,0.13044937819485772,active,0,1206,100.0,2128690168,64000000,mcu,1205,0.3000005460580913,2.82177275374964e-06,0.29998199999999997,0.300049
70.66459370299708,100.0,100.0,0.13044937819485772,active,0,1206,100.0,2128690168,64000000,mcu,1205,0.3000005460580913,2.82177275374964e-06,0.29998199999999997,0.300049
71.16553883202141,100.0,100.0,0.13044937819485772,active,0,1210,100.0,2205490282,64000000,mcu,1209,0.3000005450785773,2.817555918602898e-06,0.29998199999999997,0.300049
71.66731131897541,100.0,100.0,0.13044937819485772,active,0,1210,100.0,2205490282,64000000,mcu,1209,0.3000005450785773,2.817555918602898e-06,0.29998199999999997,0.300049
72.16836730501382,100.01,100.0,0.1155718318455787,active,0,1213,100.034,2263090540,64000000,mcu,1212,0.30000054702970297,2.81736706588549e-06,0.29998199999999997,0.300049
72.66952287399909,100.02,100.0,0.1155718318455787,active,0,1213,100.034,2263090540,64000000,mcu,1212,0.30000054702970297,2.81736706588549e-06,0.29998199999999997,0.300049
73.17044650198659,100.01,100.0,0.13403524834058136,active,0,1216,100.0,2320690893,64000000,mcu,1215,0.3000005489711934,2.8142547513959254e-06,0.29998199999999997,0.300049
73.67191801400622,100.0,100.0,0.13403524834058136,active,0,1216,100.0,2320690893,64000000,mcu,1215,0.3000005489711934,2.8142547513959254e-06,0.29998199999999997,0.300049
74.17270125896903,100.0,100.0,0.12947280079346915,active,0,1220,100.0,2397490562,64000000,mcu,1219,0.3000005447087777,2.811600452679843e-06,0.29998199999999997,0.300049
74.67325895500835,100.0,100.0,0.12947280079346915,active,0,1220,100.0,2397490562,64000000,mcu,1219,0.3000005447087777,2.811600452679843e-06,0.29998199999999997,0.300049
75.17430348397465,100.0,100.0,0.12947280079346915,active,0,1223,100.0,2455090829,64000000,mcu,1222,0.3000005458265139,2.8102765756133394e-06,0.29998199999999997,0.300049
75.67571898497408,100.0,100.0,0.12947280079346915,active,0,1223,100.0,2455090829,64000000,mcu,1222,0.3000005458265139,2.8102765756133394e-06,0.29998199999999997,0.300049
76.17671589000383,100.0,100.0,0.12947280079346915,active,0,1226,100.0,2512691232,64000000,mcu,1225,0.30000054857142855,2.810383080867178e-06,0.29998199999999997,0.300049
76.6773152470123,100.0,100.0,0.12947280079346915,active,0,1226,100.0,2512691232,64000000,mcu,1225,0.30000054857142855,2.810383080867178e-06,0.29998199999999997,0.300049
77.17831089399988,100.0,100.0,0.12947280079346915,active,0,1230,100.0,2589490924,64000000,mcu,1229,0.30000054353132627,2.8074817329908393e-06,0.29998199999999997,0.300049
77.67987356398953,100.0,100.0,0.12947280079346915,active,0,1230,100.0,2589490924,64000000,mcu,1229,0.30000054353132627,2.8074817329908393e-06,0.29998199999999997,0.300049
78.18067591497675,100.0,100.0,0.12947280079346915,active,0,1233,100.0,2647090915,64000000,mcu,1232,0.3000005422077922,2.8062148668447183e-06,0.29998199999999997,0.300049
78.68107198097277,100.01,100.0,0.12947280079346915,active,0,1233,100.0,2647090915,64000000,mcu,1232,0.3000005422077922,2.8062148668447183e-06,0.29998199999999997,0.300049
79.18209974700585,100.01,100.0,0.11609063859006638,active,0,1236,100.034,2704691564,64000000,mcu,1235,0.300000547368421,2.8065826248763513e-06,0.29998199999999997,0.300049
79.68373179901391,100.0,100.0,0.11609063859006638,active,0,1236,100.034,2704691564,64000000,mcu,1235,0.300000547368421,2.8065826248763513e-06,0.29998199999999997,0.300049
80.18449434300419,100.0,100.0,0.12881666285191118,active,0,1240,100.0,2781491549,64000000,mcu,1239,0.30000054479418886,2.8077006873475976e-06,0.29998199999999997,0.300049
80.68508478498552,100.0,100.0,0.12881666285191118,active,0,1240,100.0,2781491549,64000000,mcu,1239,0.30000054479418886,2.8077006873475976e-06,0.29998199999999997,0.300049
81.18603933299892,100.0,100.0,0.12881666285191118,active,0,1243,100.0,2839091624,64000000,mcu,1242,0.3000005434782609,2.8167534466111882e-06,0.29998199999999997,0.300049
81.68757745897165,100.0,100.0,0.12881666285191118,active,0,1243,100.0,2839091624,64000000,mcu,1242,0.3000005434782609,2.8167534466111882e-06,0.29998199999999997,0.300049
82.1887827499886,100.0,100.0,0.12881666285191118,active,0,1246,100.0,2896691906,64000000,mcu,1245,0.30000054457831327,2.8143030985688126e-06,0.29998199999999997,0.300049
82.69054038397735,100.0,100.0,0.12881666285191118,active,0,1246,100.0,2896691906,64000000,mcu,1245,0.30000054457831327,2.8143030985688126e-06,0.29998199999999997,0.300049
83.19149436097359,100.0,100.0,0.12881666285191118,active,0,1250,100.0,2973491914,64000000,mcu,1249,0.3000005428342674,2.8179281872981967e-06,0.29998199999999997,0.300049
83.69309430697467,100.0,100.0,0.12881666285191118,active,0,1250,100.0,2973491914,64000000,mcu,1249,0.3000005428342674,2.8179281872981967e-06,0.29998199999999997,0.300049
84.19412895198911,100.0,100.0,0.12881666285191118,active,0,1253,100.0,3031091974,64000000,mcu,1252,0.3000005415335463,2.8166608739616834e-06,0.29998199999999997,0.300049
84.695530935016,100.0,100.0,0.12881666285191118,active,0,1253,100.0,3031091974,64000000,mcu,1252,0.3000005415335463,2.8166608739616834e-06,0.29998199999999997,0.300049
85.19638571498217,100.01,100.0,0.12881666285191118,active,0,1256,100.0,3088692223,64000000,mcu,1256,0.30000054458598724,2.8139641531734274e-06,0.29998199999999997,0.300049
85.69728144299006,100.02,100.0,0.12881666285191118,active,0,1256,100.0,3088692223,64000000,mcu,1256,0.30000054458598724,2.8139641531734274e-06,0.29998199999999997,0.300049
86.19820420001633,100.01,100.0,0.13240253299763485,active,0,1260,100.0,3165492305,64000000,mcu,1259,0.3000005409054805,2.811900751481325e-06,0.29998199999999997,0.300049
86.69863558898214,100.0,100.0,0.13240253299763485,active,0,1260,100.0,3165492305,64000000,mcu,1259,0.3000005409054805,2.811900751481325e-06,0.29998199999999997,0.300049
87.19969018199481,100.0,100.0,0.1287556267643244,active,0,1263,100.0,3223092470,64000000,mcu,1262,0.3000005419968304,2.8106197420461934e-06,0.29998199999999997,0.300049
87.70085172500694,100.0,100.0,0.1287556267643244,active,0,1263,100.0,3223092470,64000000,mcu,1262,0.3000005419968304,2.8106197420461934e-06,0.29998199999999997,0.300049
88.2018730469863,99.98,100.0,0.1403219653620203,active,0,1267,99.966,3299892785,64000000,mcu,1266,0.30000054344391786,2.807982103732157e-06,0.29998199999999997,0.300049
88.70304975099862,99.99,100.0,0.1403219653620203,active,0,1267,99.966,3299892785,64000000,mcu,1266,0.30000054344391786,2.807982103732157e-06,0.29998199999999997,0.300049
89.20441678300267,99.99,100.0,0.1257648584725719,active,0,1270,100.0,3357492611,64000000,mcu,1269,0.30000053979511426,2.8076278440879794e-06,0.29998199999999997,0.300049
89.70466831198428,99.99,100.0,0.1257648584725719,active,0,1270,100.0,3357492611,64000000,mcu,1269,0.30000053979511426,2.8076278440879794e-06,0.29998199999999997,0.300049
90.20553493400803,99.99,100.0,0.1266803997863737,active,0,1273,100.0,3415092740,64000000,mcu,1272,0.3000005393081761,2.8044263350192502e-06,0.29998199999999997,0.300049
90.70677470398368,99.99,100.0,0.1266803997863737,active,0,1273,100.0,3415092740,64000000,mcu,1272,0.3000005393081761,2.8044263350192502e-06,0.29998199999999997,0.300049
91.20784985198407,100.0,100.0,0.1266803997863737,active,0,1277,100.0,3491893207,64000000,mcu,1276,0.30000054310344826,2.804026061833708e-06,0.29998199999999997,0.300049
91.70950896700379,100.0,100.0,0.1266803997863737,active,0,1277,100.0,3491893207,64000000,mcu,1276,0.30000054310344826,2.804026061833708e-06,0.29998199999999997,0.300049
92.21046087599825,100.0,100.0,0.1266803997863737,active,0,1280,100.0,3549493396,64000000,mcu,1279,0.300000543393276,2.8008350247652324e-06,0.29998199999999997,0.300049
92.7108367739711,100.0,100.0,0.1266803997863737,active,0,1280,100.0,3549493396,64000000,mcu,1279,0.300000543393276,2.8008350247652324e-06,0.29998199999999997,0.300049
93.21194061700953,100.0,100.0,0.1266803997863737,active,0,1283,100.0,3607092876,64000000,mcu,1282,0.30000053588143527,2.807785234026951e-06,0.29998199999999997,0.300049
93.71322841499932,100.0,100.0,0.1266803997863737,active,0,1283,100.0,3607092876,64000000,mcu,1282,0.30000053588143527,2.807785234026951e-06,0.29998199999999997,0.300049
94.21429433696903,100.0,100.0,0.1266803997863737,active,0,1287,100.0,3683893605,64000000,mcu,1286,0.3000005427682737,2.8078909782398686e-06,0.29998199999999997,0.300049
94.71547988301609,100.0,100.0,0.1266803997863737,active,0,1287,100.0,3683893605,64000000,mcu,1286,0.3000005427682737,2.8078909782398686e-06,0.29998199999999997,0.300049
95.21674921398517,100.0,100.0,0.1266803997863737,active,0,1290,100.0,3741493308,64000000,mcu,1289,0.30000053917765707,2.8064360708825627e-06,0.29998199999999997,0.300049
95.7172232720186,100.0,100.0,0.1266803997863737,active,0,1290,100.0,3741493308,64000000,mcu,1289,0.30000053917765707,2.8064360708825627e-06,0.29998199999999997,0.300049
96.21796100196661,99.98,100.0,0.1415579461356527,active,0,1293,99.966,3799093323,64000000,mcu,1292,0.3000005379256966,2.8041242349669813e-06,0.29998199999999997,0.300049
96.71940518100746,99.98,100.0,0.1415579461356527,active,0,1293,99.966,3799093323,64000000,mcu,1292,0.3000005379256966,2.8041242349669813e-06,0.29998199999999997,0.300049
97.22051983699203,99.99,100.0,0.12642099641412985,active,0,1297,100.0,3875893678,64000000,mcu,1296,0.3000005401234568,2.8018283245172363e-06,0.29998199999999997,0.300049
97.7218118860037,99.99,100.0,0.12642099641412985,active,0,1297,100.0,3875893678,64000000,mcu,1296,0.3000005401234568,2.8018283245172363e-06,0.29998199999999997,0.300049
98.22329720697599,99.99,100.0,0.12732127870603493,active,0,1300,100.0,3933493936,64000000,mcu,1299,0.3000005411855273,2.798953199006611e-06,0.29998199999999997,0.300049
98.72452058101771,99.99,100.0,0.12732127870603493,active,0,1300,100.0,3933493936,64000000,mcu,1299,0.3000005411855273,2.798953199006611e-06,0.29998199999999997,0.300049
99.2254767260165,100.0,100.0,0.12732127870603493,active,0,1303,100.0,3991093758,64000000,mcu,1302,0.3000005376344086,2.7978014072248223e-06,0.29998199999999997,0.300049
99.72668785002315,100.0,100.0,0.12732127870603493,active,0,1303,100.0,3991093758,64000000,mcu,1302,0.3000005376344086,2.7978014072248223e-06,0.29998199999999997,0.300049
100.22768280497985,100.0,100.0,0.12732127870603493,active,0,1307,100.0,4067894338,64000000,mcu,1306,0.3000005428790199,2.8017849778192283e-06,0.29998199999999997,0.300049
100.72882201697212,100.0,100.0,0.12732127870603493,active,0,1307,100.0,4067894338,64000000,mcu,1306,0.3000005428790199,2.8017849778192283e-06,0.29998199999999997,0.300049
101.22988343896577,100.0,100.0,0.12732127870603493,active,0,1310,100.0,4125494352,64000000,mcu,1309,0.30000054239877766,2.8003187731668485e-06,0.29998199999999997,0.300049
101.73135374201229,100.0,100.0,0.12732127870603493,active,0,1310,100.0,4125494352,64000000,mcu,1309,0.30000054239877766,2.8003187731668485e-06,0.29998199999999997,0.300049
102.23254440596793,100.0,100.0,0.12732127870603493,active,0,1313,100.0,4183094152,64000000,mcu,1312,0.3000005388719512,2.799991497494686e-06,0.29998199999999997,0.300049
102.73401372297667,100.0,100.0,0.12732127870603493,active,0,1313,100.0,4183094152,64000000,mcu,1312,0.3000005388719512,2.799991497494686e-06,0.29998199999999997,0.300049
103.23506154300412,100.0,100.0,0.12732127870603493,active,0,1317,100.0,4259894576,64000000,mcu,1316,0.3000005402735562,2.797478443072029e-06,0.29998199999999997,0.300049
103.7361217730213,100.0,100.0,0.12732127870603493,active,0,1317,100.0,4259894576,64000000,mcu,1316,0.3000005402735562,2.797478443072029e-06,0.29998199999999997,0.300049
104.23717501497595,100.0,100.0,0.12732127870603493,active,0,1320,100.0,22527535,64000000,mcu,1319,0.3000005405610311,2.794392194520721e-06,0.29998199999999997,0.300049
104.73854140099138,100.0,100.0,0.12732127870603493,active,0,1320,100.0,22527535,64000000,mcu,1319,0.3000005405610311,2.794392194520721e-06,0.29998199999999997,0.300049
105.23960804799572,100.0,100.0,0.12732127870603493,active,0,1323,100.0,80127301,64000000,mcu,1322,0.3000005370650529,2.7929947776250372e-06,0.29998199999999997,0.300049
105.74008177901851,100.0,100.0,0.12732127870603493,active,0,1323,100.0,80127301,64000000,mcu,1322,0.3000005370650529,2.7929947776250372e-06,0.29998199999999997,0.300049
106.2412709830096,100.0,100.0,0.12732127870603493,active,0,1327,100.0,156927945,64000000,mcu,1326,0.3000005429864253,2.7936916890038873e-06,0.29998199999999997,0.300049
106.74176331597846,100.0,100.0,0.12732127870603493,active,0,1327,100.0,156927945,64000000,mcu,1326,0.3000005429864253,2.7936916890038873e-06,0.29998199999999997,0.300049
107.2426797139924,100.0,100.0,0.12732127870603493,active,0,1330,100.0,214527889,64000000,mcu,1329,0.3000005410082769,2.7909365091534464e-06,0.29998199999999997,0.300049
107.74429833499016,100.0,100.0,0.12732127870603493,active,0,1330,100.0,214527889,64000000,mcu,1329,0.3000005410082769,2.7909365091534464e-06,0.29998199999999997,0.300049
108.24540595297003,100.0,100.0,0.12732127870603493,active,0,1333,100.0,272127615,64000000,mcu,1332,0.3000005367867868,2.7946749889530027e-06,0.29998199999999997,0.300049
108.7455043559894,100.0,100.0,0.12732127870603493,active,0,1333,100.0,272127615,64000000,mcu,1332,0.3000005367867868,2.7946749889530027e-06,0.29998199999999997,0.300049
109.2464764349861,100.0,100.0,0.12732127870603493,active,0,1337,100.0,348928177,64000000,mcu,1336,0.3000005404191617,2.79352027251034e-06,0.29998199999999997,0.300049
109.74809333198937,100.0,100.0,0.12732127870603493,active,0,1337,100.0,348928177,64000000,mcu,1336,0.3000005404191617,2.79352027251034e-06,0.29998199999999997,0.300049
110.24910777300829,100.0,100.0,0.12732127870603493,active,0,1340,100.0,406528564,64000000,mcu,1339,0.3000005421956684,2.7920678673527205e-06,0.29998199999999997,0.300049
110.75052134098951,100.0,100.0,0.12732127870603493,active,0,1340,100.0,406528564,64000000,mcu,1339,0.3000005421956684,2.7920678673527205e-06,0.29998199999999997,0.300049
111.25152896996588,100.0,100.0,0.12732127870603493,active,0,1343,100.0,464128455,64000000,mcu,1342,0.3000005394932936,2.7938892835868806e-06,0.29998199999999997,0.300049
111.75385650299722,100.0,100.0,0.12732127870603493,active,0,1343,100.0,464128455,64000000,mcu,1342,0.3000005394932936,2.7938892835868806e-06,0.29998199999999997,0.300049
112.2548483510036,100.0,100.0,0.12732127870603493,active,0,1347,100.0,540928178,64000000,mcu,1346,0.3000005356612184,2.79497376585088e-06,0.29998199999999997,0.300049
112.75567009998485,100.0,100.0,0.12732127870603493,active,0,1347,100.0,540928178,64000000,mcu,1346,0.3000005356612184,2.79497376585088e-06,0.29998199999999997,0.300049
113.25643557898002,100.0,100.0,0.12732127870603493,active,0,1350,100.0,598528759,64000000,mcu,1349,0.3000005404002965,2.7969389420215276e-06,0.29998199999999997,0.300049
113.75759919098346,100.0,100.0,0.12732127870603493,active,0,1350,100.0,598528759,64000000,mcu,1349,0.3000005404002965,2.7969389420215276e-06,0.29998199999999997,0.300049
114.25856637198012,100.0,100.0,0.12732127870603493,active,0,1353,100.0,656128552,64000000,mcu,1352,0.3000005369822485,2.795038779829356e-06,0.29998199999999997,0.300049
114.75968418299453,100.0,100.0,0.12732127870603493,active,0,1353,100.0,656128552,64000000,mcu,1352,0.3000005369822485,2.795038779829356e-06,0.29998199999999997,0.300049
115.26054095698055,100.0,100.0,0.12732127870603493,active,0,1357,100.0,732928809,64000000,mcu,1356,0.3000005390855457,2.7994585003776702e-06,0.29998199999999997,0.300049
115.7616427129833,100.0,100.0,0.12732127870603493,active,0,1357,100.0,732928809,64000000,mcu,1356,0.3000005390855457,2.7994585003776702e-06,0.29998199999999997,0.300049
116.26272685197182,100.0,100.0,0.12732127870603493,active,0,1360,100.0,790529106,64000000,mcu,1359,0.30000054157468725,2.7982703885005678e-06,0.29998199999999997,0.300049
116.76390063297004,100.0,100.0,0.12732127870603493,active,0,1360,100.0,790529106,64000000,mcu,1359,0.30000054157468725,2.7982703885005678e-06,0.29998199999999997,0.300049
117.26468957198085,100.0,100.0,0.12732127870603493,active,0,1363,100.0,848128938,64000000,mcu,1362,0.3000005389133627,2.79611089145449e-06,0.29998199999999997,0.300049
