elapsed_s,temperature_c,target_c,power,controller_state,fault,mcu_samples,mcu_temperature_c,mcu_temperature_estimate_c,mcu_temperature_valid,loop_clock,loop_clock_frequency,loop_clock_source,loop_dt_count,loop_dt_mean_s,loop_dt_stddev_s,loop_dt_min_s,loop_dt_max_s
0.0011012480244971812,116.69,260.0,0.0,ready,0,13109,,259.958,False,3276922466,64000000,mcu,13108,0.30029068172108636,0.016749909049170633,0.299954,1.42927
0.5510012750164606,116.14,260.0,1.0,active,0,13112,,-446.156,False,3334522468,64000000,mcu,13111,0.30029061520860345,0.0167479931972318,0.299954,1.42927
1.0517100670258515,115.87,260.0,1.0,active,0,13112,,-446.156,False,3334522468,64000000,mcu,13111,0.30029061520860345,0.0167479931972318,0.299954,1.42927
1.5529188580112532,115.93,260.0,1.0,active,0,13115,,-439.556,False,3392122435,64000000,mcu,13114,0.30029054872655175,0.016746078002569838,0.299954,1.42927
2.053456333000213,116.44,260.0,1.0,active,0,13115,,-439.556,False,3392122435,64000000,mcu,13114,0.30029054872655175,0.016746078002569838,0.299954,1.42927
2.554658084991388,117.35,260.0,1.0,active,0,13119,,-412.619,False,3468922913,64000000,mcu,13118,0.30029046066473547,0.01674352542223305,0.299954,1.42927
3.056145369017031,117.93,260.0,1.0,active,0,13119,,-412.619,False,3468922913,64000000,mcu,13118,0.30029046066473547,0.01674352542223305,0.299954,1.42927
3.55730670603225,119.26,260.0,1.0,active,0,13122,,-386.705,False,3526522536,64000000,mcu,13121,0.30029039387241824,0.016741611766409762,0.299954,1.42927
4.05848115804838,120.78,260.0,1.0,active,0,13122,,-386.705,False,3526522536,64000000,mcu,13121,0.30029039387241824,0.016741611766409762,0.299954,1.42927
4.55960319499718,121.59,260.0,1.0,active,0,13125,,-358.818,False,3584122837,64000000,mcu,13124,0.3002903277964035,0.01673969875470704,0.299954,1.42927
5.0609891500207596,123.29,260.0,1.0,active,0,13125,,-358.818,False,3584122837,64000000,mcu,13124,0.3002903277964035,0.01673969875470704,0.299954,1.42927
5.562117727997247,125.05,260.0,1.0,active,0,13129,,-320.629,False,3660922962,64000000,mcu,13128,0.30029023941194394,0.0167371490978425,0.299954,1.42927
6.062786947994027,125.95,260.0,1.0,active,0,13129,,-320.629,False,3660922962,64000000,mcu,13128,0.30029023941194394,0.0167371490978425,0.299954,1.42927
6.56399400200462,127.78,260.0,1.0,active,0,13132,,-292.134,False,3718523076,64000000,mcu,13131,0.3002901731779758,0.016735237619181005,0.299954,1.42927
7.065266491030343,129.63,260.0,1.0,active,0,13132,,-292.134,False,3718523076,64000000,mcu,13131,0.3002901731779758,0.016735237619181005,0.299954,1.42927
7.566396775015164,131.49,260.0,1.0,active,0,13135,,-264.49,False,3776123188,64000000,mcu,13134,0.30029010705040354,0.0167333267940669,0.299954,1.42927
8.067722019040957,132.42,260.0,1.0,active,0,13135,,-264.49,False,3776123188,64000000,mcu,13134,0.30029010705040354,0.0167333267940669,0.299954,1.42927
8.568971603002865,134.28,260.0,1.0,active,0,13139,,-228.98,False,3852923318,64000000,mcu,13138,0.3002900189526564,0.016730780044576704,0.299954,1.42927
9.069230729015544,136.12,260.0,1.0,active,0,13139,,-228.98,False,3852923318,64000000,mcu,13138,0.3002900189526564,0.016730780044576704,0.299954,1.42927
9.570423711033072,137.04,260.0,1.0,active,0,13142,,-203.87,False,3910523650,64000000,mcu,13141,0.30028995312381096,0.01672887074186671,0.299954,1.42927
10.071927383018192,138.87,260.0,1.0,active,0,13142,,-203.87,False,3910523650,64000000,mcu,13141,0.30028995312381096,0.01672887074186671,0.299954,1.42927
10.57304747303715,140.68,260.0,1.0,active,0,13145,,-179.807,False,3968123649,64000000,mcu,13144,0.30028988702069387,0.016726962097781982,0.299954,1.42927
11.073724835994653,141.58,260.0,1.0,active,0,13145,,-179.807,False,3968123649,64000000,mcu,13144,0.30028988702069387,0.016726962097781982,0.299954,1.42927
11.574822777998634,143.35,260.0,1.0,active,0,13149,,-149.85,False,4044924044,64000000,mcu,13148,0.30028979936111955,0.01672441824760803,0.299954,1.42927
12.076279350032564,145.11,260.0,1.0,active,0,13149,,-149.85,False,4044924044,64000000,mcu,13148,0.30028979936111955,0.01672441824760803,0.299954,1.42927
12.577410426049028,145.98,260.0,1.0,active,0,13152,,-128.686,False,4102524157,64000000,mcu,13151,0.30028973340430387,0.016722511125712526,0.299954,1.42927
13.0791217420483,147.7,260.0,1.0,active,0,13152,,-128.686,False,4102524157,64000000,mcu,13151,0.30028973340430387,0.016722511125712526,0.299954,1.42927
13.580087150039617,149.4,260.0,1.0,active,0,13155,,-108.885,False,4160124111,64000000,mcu,13154,0.30028966732552836,0.016720604658644767,0.299954,1.42927
14.081643707002513,150.25,260.0,1.0,active,0,13155,,-108.885,False,4160124111,64000000,mcu,13154,0.30028966732552836,0.016720604658644767,0.299954,1.42927
14.582541941024829,151.92,260.0,1.0,active,0,13159,,-83.921,False,4236924333,64000000,mcu,13158,0.30028957957136343,0.016718063711331294,0.299954,1.42927
15.083375174028333,153.57,260.0,1.0,active,0,13159,,-83.921,False,4236924333,64000000,mcu,13158,0.30028957957136343,0.016718063711331294,0.299954,1.42927
15.584299140027724,154.39,260.0,1.0,active,0,13162,,-66.458,False,4294524440,64000000,mcu,13161,0.30028951363878126,0.016716158763449902,0.299954,1.42927
16.085845788009465,156.01,260.0,1.0,active,0,13162,,-66.458,False,4294524440,64000000,mcu,13161,0.30028951363878126,0.016716158763449902,0.299954,1.42927
16.58686449204106,157.61,260.0,1.0,active,0,13165,,-50.067,False,57157045,64000000,mcu,13164,0.30028944758432086,0.016714254469240818,0.299954,1.42927
17.087714205030352,158.4,260.0,1.0,active,0,13165,,-50.067,False,57157045,64000000,mcu,13164,0.30028944758432086,0.016714254469240818,0.299954,1.42927
17.588843127014115,159.97,260.0,1.0,active,0,13169,,-29.511,False,133957192,64000000,mcu,13168,0.30028935973572296,0.01671171641929211,0.299954,1.42927
18.08987911103759,161.51,260.0,1.0,active,0,13169,,-29.511,False,133957192,64000000,mcu,13168,0.30028935973572296,0.01671171641929211,0.299954,1.42927
18.59098023502156,162.27,260.0,1.0,active,0,13172,,-15.312,False,191557628,64000000,mcu,13171,0.30028929428289425,0.016709813633569267,0.299954,1.42927
19.092944898991846,163.78,260.0,1.0,active,0,13172,,-15.312,False,191557628,64000000,mcu,13171,0.30028929428289425,0.016709813633569267,0.299954,1.42927
19.594136269006412,165.29,260.0,1.0,active,0,13175,,-1.673,False,249157832,64000000,mcu,13174,0.3002892285562471,0.016707911502840896,0.299954,1.42927
20.095819575013593,166.04,260.0,1.0,active,0,13175,,-1.673,False,249157832,64000000,mcu,13174,0.3002892285562471,0.016707911502840896,0.299954,1.42927
20.59694891102845,167.52,260.0,1.0,active,0,13179,,15.425,False,325957420,64000000,mcu,13178,0.300289140385491,0.01670537634882881,0.299954,1.42927
21.09856341104023,168.97,260.0,1.0,active,0,13179,,15.425,False,325957420,64000000,mcu,13178,0.300289140385491,0.01670537634882881,0.299954,1.42927
21.599608107004315,169.69,260.0,1.0,active,0,13182,,27.115,False,383558002,64000000,mcu,13181,0.3002890751839769,0.01670347572503257,0.299954,1.42927
22.10034430201631,171.11,260.0,1.0,active,0,13182,,27.115,False,383558002,64000000,mcu,13181,0.3002890751839769,0.01670347572503257,0.299954,1.42927
22.60176178003894,172.52,260.0,1.0,active,0,13185,,38.392,False,441158372,64000000,mcu,13184,0.3002890098604369,0.016701575752433775,0.299954,1.42927
23.102292319992557,173.22,260.0,1.0,active,0,13185,,38.392,False,441158372,64000000,mcu,13184,0.3002890098604369,0.016701575752433775,0.299954,1.42927
23.60325028002262,174.61,260.0,1.0,active,0,13189,,52.493,False,517957929,64000000,mcu,13188,0.30028892167121624,0.016699043483697017,0.299954,1.42927
24.104462603048887,175.98,260.0,1.0,active,0,13189,,52.493,False,517957929,64000000,mcu,13188,0.30028892167121624,0.016699043483697017,0.299954,1.42927
24.605500917008612,176.66,260.0,1.0,active,0,13192,,62.381,False,575558362,64000000,mcu,13191,0.3002888564930634,0.016697145021693716,0.299954,1.42927
25.105739866034128,178.01,260.0,1.0,active,0,13192,,62.381,False,575558362,64000000,mcu,13191,0.3002888564930634,0.016697145021693716,0.299954,1.42927
25.60665863903705,179.32,260.0,1.0,active,0,13195,,71.636,False,633158448,64000000,mcu,13194,0.3002887908897984,0.01669524721482736,0.299954,1.42927
26.10801274504047,179.97,260.0,1.0,active,0,13195,,71.636,False,633158448,64000000,mcu,13194,0.3002887908897984,0.01669524721482736,0.299954,1.42927
26.60921505204169,181.26,260.0,1.0,active,0,13199,,83.132,False,709958280,64000000,mcu,13198,0.300288703212608,0.01669271781645364,0.299954,1.42927
27.11122978304047,182.54,260.0,1.0,active,0,13199,,83.132,False,709958280,64000000,mcu,13198,0.300288703212608,0.01669271781645364,0.299954,1.42927
27.612224255048204,183.18,260.0,1.0,active,0,13202,,91.34,False,767558700,64000000,mcu,13201,0.3002886380577229,0.016690821512127217,0.299954,1.42927
28.113596271025017,184.44,260.0,1.0,active,0,13202,,91.34,False,767558700,64000000,mcu,13201,0.3002886380577229,0.016690821512127217,0.299954,1.42927
28.614721433026716,185.69,260.0,1.0,active,0,13205,,99.109,False,825158952,64000000,mcu,13204,0.3002885727809754,0.016688925856501197,0.299954,1.42927
29.115477550018113,186.31,260.0,1.0,active,0,13205,,99.109,False,825158952,64000000,mcu,13204,0.3002885727809754,0.016688925856501197,0.299954,1.42927
29.616533252992667,187.54,260.0,1.0,active,0,13209,,108.924,False,901958825,64000000,mcu,13208,0.3002884852362205,0.016686399329662777,0.299954,1.42927
30.118139903002884,188.75,260.0,1.0,active,0,13209,,108.924,False,901958825,64000000,mcu,13208,0.3002884852362205,0.016686399329662777,0.299954,1.42927
30.61924002604792,189.36,260.0,1.0,active,0,13212,,115.817,False,959558809,64000000,mcu,13211,0.3002884198016804,0.016684505184243203,0.299954,1.42927
31.11999666702468,190.55,260.0,1.0,active,0,13212,,115.817,False,959558809,64000000,mcu,13211,0.3002884198016804,0.016684505184243203,0.299954,1.42927
31.62104434199864,191.72,260.0,1.0,active,0,13215,,122.32,False,1017159291,64000000,mcu,13214,0.3002883548509157,0.016682611675839554,0.299954,1.42927
32.121378982032184,192.3,260.0,1.0,active,0,13215,,122.32,False,1017159291,64000000,mcu,13214,0.3002883548509157,0.016682611675839554,0.299954,1.42927
32.62237312702928,193.45,260.0,1.0,active,0,13219,,130.454,False,1093959010,64000000,mcu,13218,0.3002882673626872,0.016680088016551672,0.299954,1.42927
33.12269433302572,194.59,260.0,1.0,active,0,13219,,130.454,False,1093959010,64000000,mcu,13218,0.3002882673626872,0.016680088016551672,0.299954,1.42927
33.62376786203822,195.16,260.0,1.0,active,0,13222,,136.3,False,1151559320,64000000,mcu,13221,0.30028820225398983,0.016678196015330396,0.299954,1.42927
34.124472216994036,196.28,260.0,1.0,active,0,13222,,136.3,False,1151559320,64000000,mcu,13221,0.30028820225398983,0.016678196015330396,0.299954,1.42927
34.62535851600114,197.39,260.0,1.0,active,0,13225,,141.755,False,1209159949,64000000,mcu,13224,0.30028813755293404,0.016676304651331367,0.299954,1.42927
35.12601058703149,197.93,260.0,1.0,active,0,13225,,141.755,False,1209159949,64000000,mcu,13224,0.30028813755293404,0.016676304651331367,0.299954,1.42927
35.626968106022105,199.02,260.0,1.0,active,0,13229,,148.745,False,1285959548,64000000,mcu,13228,0.3002880500453583,0.016673783855400442,0.299954,1.42927
36.12739050202072,200.12,260.0,1.0,active,0,13229,,148.745,False,1285959548,64000000,mcu,13228,0.3002880500453583,0.016673783855400442,0.299954,1.42927
36.62844808999216,200.66,260.0,1.0,active,0,13232,,153.787,False,1343560185,64000000,mcu,13231,0.30028798541304513,0.01667189399184151,0.299954,1.42927
37.13010964600835,201.73,260.0,1.0,active,0,13232,,153.787,False,1343560185,64000000,mcu,13231,0.30028798541304513,0.01667189399184151,0.299954,1.42927
37.63092282804428,202.77,260.0,1.0,active,0,13235,,158.463,False,1401160132,64000000,mcu,13234,0.30028792012996824,0.016670004782486772,0.299954,1.42927
38.13238475803519,203.29,260.0,1.0,active,0,13235,,158.463,False,1401160132,64000000,mcu,13234,0.30028792012996824,0.016670004782486772,0.299954,1.42927
38.63345644599758,204.33,260.0,1.0,active,0,13239,,164.454,False,1477960028,64000000,mcu,13238,0.3002878330563529,0.016667486836775235,0.299954,1.42927
39.13474796200171,205.35,260.0,1.0,active,0,13239,,164.454,False,1477960028,64000000,mcu,13238,0.3002878330563529,0.016667486836775235,0.299954,1.42927
39.63586285500787,205.85,260.0,1.0,active,0,13242,,168.643,False,1535560147,64000000,mcu,13241,0.30028776791783096,0.016665599123751883,0.299954,1.42927
40.136350736021996,206.85,260.0,1.0,active,0,13242,,168.643,False,1535560147,64000000,mcu,13241,0.30028776791783096,0.016665599123751883,0.299954,1.42927
40.63747293403139,207.83,260.0,1.0,active,0,13245,,172.613,False,1593160625,64000000,mcu,13244,0.3002877031863485,0.016663712045454145,0.299954,1.42927
41.13776265503839,208.32,260.0,1.0,active,0,13245,,172.613,False,1593160625,64000000,mcu,13244,0.3002877031863485,0.016663712045454145,0.299954,1.42927
41.63892149401363,209.28,260.0,1.0,active,0,13249,,177.606,False,1669960797,64000000,mcu,13248,0.30028761647041063,0.016661196945753284,0.299954,1.42927
42.13944642699789,210.24,260.0,1.0,active,0,13249,,177.606,False,1669960797,64000000,mcu,13248,0.30028761647041063,0.016661196945753284,0.299954,1.42927
42.64061247900827,210.72,260.0,1.0,active,0,13252,,181.259,False,1727560614,64000000,mcu,13251,0.30028755105275073,0.016659311375563448,0.299954,1.42927
43.14100620604586,211.67,260.0,1.0,active,0,13252,,181.259,False,1727560614,64000000,mcu,13251,0.30028755105275073,0.016659311375563448,0.299954,1.42927
43.64210090099368,212.6,260.0,1.0,active,0,13255,,184.718,False,1785161013,64000000,mcu,13255,0.30028746473029044,0.016656798262425197,0.299954,1.42927
44.14243261999218,213.07,260.0,1.0,active,0,13255,,184.718,False,1785161013,64000000,mcu,13255,0.30028746473029044,0.016656798262425197,0.299954,1.42927
44.64358258800348,213.99,260.0,1.0,active,0,13259,,189.151,False,1861961238,64000000,mcu,13258,0.30028739983406244,0.01665491417703773,0.299954,1.42927
45.14498795400141,214.91,260.0,1.0,active,0,13259,,189.151,False,1861961238,64000000,mcu,13258,0.30028739983406244,0.01665491417703773,0.299954,1.42927
45.64606027904665,215.37,260.0,1.0,active,0,13262,,192.292,False,1919561009,64000000,mcu,13261,0.30028733443933336,0.016653030740239567,0.299954,1.42927
46.1465241110418,216.26,260.0,1.0,active,0,13262,,192.292,False,1919561009,64000000,mcu,13261,0.30028733443933336,0.016653030740239567,0.299954,1.42927
46.647701238049194,217.15,260.0,1.0,active,0,13266,,196.262,False,1996361242,64000000,mcu,13265,0.3002872480211082,0.016650520473174172,0.299954,1.42927
47.14902853802778,217.59,260.0,1.0,active,0,13266,,196.262,False,1996361242,64000000,mcu,13265,0.3002872480211082,0.016650520473174172,0.299954,1.42927
47.65024274203461,218.45,260.0,1.0,active,0,13269,,199.088,False,2053962254,64000000,mcu,13268,0.300287184277962,0.016648638499434987,0.299954,1.42927
48.150770076026674,219.35,260.0,1.0,active,0,13269,,199.088,False,2053962254,64000000,mcu,13268,0.300287184277962,0.016648638499434987,0.299954,1.42927
48.651858568016905,219.79,260.0,1.0,active,0,13272,,201.937,False,2111562335,64000000,mcu,13271,0.3002871193579986,0.016646757185303295,0.299954,1.42927
49.152641932014376,220.66,260.0,1.0,active,0,13272,,201.937,False,2111562335,64000000,mcu,13271,0.3002871193579986,0.016646757185303295,0.299954,1.42927
49.65371602901723,221.51,260.0,1.0,active,0,13276,,205.444,False,2188362517,64000000,mcu,13275,0.30028703306967985,0.016644249752518648,0.299954,1.42927
50.154285014024936,221.94,260.0,1.0,active,0,13276,,205.444,False,2188362517,64000000,mcu,13275,0.30028703306967985,0.016644249752518648,0.299954,1.42927
50.65534758003196,222.77,260.0,1.0,active,0,13279,,207.953,False,2245962585,64000000,mcu,13278,0.3002869683687302,0.01664236992160446,0.299954,1.42927
51.1560404500342,223.59,260.0,1.0,active,0,13279,,207.953,False,2245962585,64000000,mcu,13278,0.3002869683687302,0.01664236992160446,0.299954,1.42927
51.65706252399832,224.0,260.0,1.0,active,0,13282,,210.34,False,2303562500,64000000,mcu,13281,0.30028690347112413,0.016640490731409142,0.299954,1.42927
52.15839790599421,224.82,260.0,1.0,active,0,13282,,210.34,False,2303562500,64000000,mcu,13281,0.30028690347112413,0.016640490731409142,0.299954,1.42927
52.65939338103635,225.65,260.0,1.0,active,0,13286,,213.53,False,2380363155,64000000,mcu,13285,0.3002868177643959,0.01663798612099054,0.299954,1.42927
53.15980952803511,226.03,260.0,1.0,active,0,13286,,213.53,False,2380363155,64000000,mcu,13285,0.3002868177643959,0.01663798612099054,0.299954,1.42927
53.660741578030866,226.83,260.0,1.0,active,0,13289,,215.673,False,2437962966,64000000,mcu,13288,0.30028675285972306,0.016636108416494634,0.299954,1.42927
54.16235852899263,227.62,260.0,1.0,active,0,13289,,215.673,False,2437962966,64000000,mcu,13288,0.30028675285972306,0.016636108416494634,0.299954,1.42927
54.66335245902883,228.0,260.0,1.0,active,0,13292,,217.744,False,2495562921,64000000,mcu,13291,0.30028668813482806,0.016634231344967953,0.299954,1.42927
55.16481795301661,228.78,260.0,1.0,active,0,13292,,217.744,False,2495562921,64000000,mcu,13291,0.30028668813482806,0.016634231344967953,0.299954,1.42927
55.666081361006945,229.53,260.0,1.0,active,0,13296,,220.398,False,2572363620,64000000,mcu,13295,0.3002866026325686,0.016631729558138304,0.299954,1.42927
56.16685865801992,230.27,260.0,1.0,active,0,13296,,220.398,False,2572363620,64000000,mcu,13295,0.3002866026325686,0.016631729558138304,0.299954,1.42927
56.66807647899259,230.65,260.0,1.0,active,0,13299,,222.371,False,2629963660,64000000,mcu,13298,0.3002865380508347,0.016629853967012113,0.299954,1.42927
57.1685115500004,231.37,260.0,1.0,active,0,13299,,222.371,False,2629963660,64000000,mcu,13298,0.3002865380508347,0.016629853967012113,0.299954,1.42927
57.66954313503811,232.08,260.0,1.0,active,0,13302,,224.125,False,2687563252,64000000,mcu,13301,0.300286472971957,0.016627979019389817,0.299954,1.42927
58.17121004301589,232.45,260.0,1.0,active,0,13302,,224.125,False,2687563252,64000000,mcu,13301,0.300286472971957,0.016627979019389817,0.299954,1.42927
58.672368589031976,233.15,260.0,1.0,active,0,13306,,226.438,False,2764363830,64000000,mcu,13305,0.3002863874483277,0.01662548005469035,0.299954,1.42927
59.17279783199774,233.86,260.0,1.0,active,0,13306,,226.438,False,2764363830,64000000,mcu,13305,0.3002863874483277,0.01662548005469035,0.299954,1.42927
59.67394679301651,234.22,260.0,1.0,active,0,13309,,228.192,False,2821964001,64000000,mcu,13308,0.3002863230387737,0.016623606575530397,0.299954,1.42927
60.17450819199439,234.93,260.0,1.0,active,0,13309,,228.192,False,2821964001,64000000,mcu,13308,0.3002863230387737,0.016623606575530397,0.299954,1.42927
60.67570624500513,235.62,260.0,1.0,active,0,13312,,229.775,False,2879564079,64000000,mcu,13311,0.30028625858312674,0.016621733730870714,0.299954,1.42927
61.17729333403986,235.98,260.0,1.0,active,0,13312,,229.775,False,2879564079,64000000,mcu,13311,0.30028625858312674,0.016621733730870714,0.299954,1.42927
61.67850552202435,236.66,260.0,1.0,active,0,13316,,231.991,False,2956364009,64000000,mcu,13315,0.300286172437101,0.016619237593506413,0.299954,1.42927
62.17891104100272,237.35,260.0,1.0,active,0,13316,,231.991,False,2956364009,64000000,mcu,13315,0.300286172437101,0.016619237593506413,0.299954,1.42927
62.68009633704787,237.68,260.0,1.0,active,0,13319,,233.477,False,3013964284,64000000,mcu,13318,0.3002861082745157,0.016617366221162652,0.299954,1.42927
63.18167681701016,238.36,260.0,1.0,active,0,13319,,233.477,False,3013964284,64000000,mcu,13318,0.3002861082745157,0.016617366221162652,0.299954,1.42927
63.68298323900672,239.02,260.0,1.0,active,0,13322,,234.938,False,3071564037,64000000,mcu,13321,0.3002860435402747,0.01661549549109474,0.299954,1.42927
64.18456948501989,239.34,260.0,1.0,active,0,13322,,234.938,False,3071564037,64000000,mcu,13321,0.3002860435402747,0.01661549549109474,0.299954,1.42927
64.68569841101998,240.01,260.0,1.0,active,0,13326,,236.911,False,3148364618,64000000,mcu,13325,0.30028595819887427,0.016613002150956072,0.299954,1.42927
65.18609420402208,240.67,260.0,1.0,active,0,13326,,236.911,False,3148364618,64000000,mcu,13325,0.30028595819887427,0.016613002150956072,0.299954,1.42927
65.6872513749986,240.99,260.0,1.0,active,0,13329,,238.251,False,3205965114,64000000,mcu,13328,0.3002858943577431,0.016611132880034626,0.299954,1.42927
66.1889486979926,241.62,260.0,1.0,active,0,13329,,238.251,False,3205965114,64000000,mcu,13328,0.3002858943577431,0.016611132880034626,0.299954,1.42927
66.68998509104131,242.27,260.0,1.0,active,0,13332,,239.615,False,3263564492,64000000,mcu,13331,0.30028582927012226,0.016609264262181796,0.299954,1.42927
67.19149432203267,242.57,260.0,1.0,active,0,13332,,239.615,False,3263564492,64000000,mcu,13331,0.30028582927012226,0.016609264262181796,0.299954,1.42927
67.69252449902706,243.21,260.0,1.0,active,0,13336,,241.32,False,3340365253,64000000,mcu,13335,0.300285744431946,0.01660677371936241,0.299954,1.42927
68.19304988801014,243.84,260.0,1.0,active,0,13336,,241.32,False,3340365253,64000000,mcu,13335,0.300285744431946,0.01660677371936241,0.299954,1.42927
68.69425517803757,244.15,260.0,0.9776760509651331,active,0,13339,,242.537,False,3397965667,64000000,mcu,13338,0.30028568068675965,0.01660490654998069,0.299954,1.42927
69.1958433870459,244.75,260.0,0.9776760509651331,active,0,13339,,242.537,False,3397965667,64000000,mcu,13338,0.30028568068675965,0.01660490654998069,0.299954,1.42927
69.69692393299192,245.36,260.0,0.9854428931105517,active,0,13342,,243.706,False,3455565211,64000000,mcu,13341,0.3002856159958024,0.016603040026892772,0.299954,1.42927
70.19790442002704,245.65,260.0,0.9854428931105517,active,0,13342,,243.706,False,3455565211,64000000,mcu,13341,0.3002856159958024,0.016603040026892772,0.299954,1.42927
70.6989820820163,246.22,260.0,0.9743495841916533,active,0,13346,,245.168,False,3532365441,64000000,mcu,13345,0.30028553053578116,0.016600552295366208,0.299954,1.42927
71.2003814530326,246.8,260.0,0.9743495841916533,active,0,13346,,245.168,False,3532365441,64000000,mcu,13345,0.30028553053578116,0.016600552295366208,0.299954,1.42927
71.70130606001476,247.08,260.0,0.973708705271992,active,0,13349,,246.239,False,3589965803,64000000,mcu,13348,0.30028546666167216,0.016598687227165905,0.299954,1.42927
72.20195993699599,247.63,260.0,0.973708705271992,active,0,13349,,246.239,False,3589965803,64000000,mcu,13348,0.30028546666167216,0.016598687227165905,0.299954,1.42927
72.70306583604543,248.16,260.0,0.9774624246585794,active,0,13352,,247.238,False,3647565568,64000000,mcu,13351,0.3002854022170624,0.016596822797802488,0.299954,1.42927
73.2047072550049,248.43,260.0,0.9774624246585794,active,0,13352,,247.238,False,3647565568,64000000,mcu,13351,0.3002854022170624,0.016596822797802488,0.299954,1.42927
73.70596465002745,248.95,260.0,0.9844052796215763,active,0,13356,,248.504,False,3724365696,64000000,mcu,13355,0.3002853169599401,0.01659433785820485,0.299954,1.42927
74.20746958203381,249.53,260.0,0.9844052796215763,active,0,13356,,248.504,False,3724365696,64000000,mcu,13355,0.3002853169599401,0.01659433785820485,0.299954,1.42927
74.7087735600071,249.82,260.0,0.9694972152285039,active,0,13359,,249.625,False,3781965896,64000000,mcu,13358,0.300285253181614,0.01659247488359315,0.299954,1.42927
75.20936774200527,250.39,260.0,0.9694972152285039,active,0,13359,,249.625,False,3781965896,64000000,mcu,13358,0.300285253181614,0.01659247488359315,0.299954,1.42927
75.71086865500547,250.95,260.0,0.9803921568627451,active,0,13362,,250.599,False,3839565914,64000000,mcu,13361,0.3002851891325499,0.0165906125414131,0.299954,1.42927
76.2117291589966,251.21,260.0,0.9803921568627451,active,0,13362,,250.599,False,3839565914,64000000,mcu,13361,0.3002851891325499,0.0165906125414131,0.299954,1.42927
76.71279285399942,251.7,260.0,0.9940032043945983,active,0,13366,,251.695,False,3916366070,64000000,mcu,13365,0.30028510400299285,0.016588130389905476,0.299954,1.42927
77.21433859103126,252.22,260.0,0.9940032043945983,active,0,13366,,251.695,False,3916366070,64000000,mcu,13365,0.30028510400299285,0.016588130389905476,0.299954,1.42927
77.71546036400832,252.45,260.0,0.9827420462348363,active,0,13369,,252.523,False,3973966291,64000000,mcu,13368,0.30028504024536207,0.016586269506226523,0.299954,1.42927
78.21585288504139,252.95,260.0,0.9827420462348363,active,0,13369,,252.523,False,3973966291,64000000,mcu,13368,0.30028504024536207,0.016586269506226523,0.299954,1.42927
78.71704870200483,253.46,260.0,0.9489890897993438,active,0,13372,,253.473,False,4031566165,64000000,mcu,13371,0.30028497614239774,0.016584409255155478,0.299954,1.42927
79.21858632104704,253.7,260.0,0.9489890897993438,active,0,13372,,253.473,False,4031566165,64000000,mcu,13371,0.30028497614239774,0.016584409255155478,0.299954,1.42927
79.7195267190109,254.19,260.0,0.9508201724269474,active,0,13376,,254.496,False,4108366440,64000000,mcu,13375,0.3002848911401869,0.01658192988634619,0.299954,1.42927
80.2210609750473,254.65,260.0,0.9508201724269474,active,0,13376,,254.496,False,4108366440,64000000,mcu,13375,0.3002848911401869,0.01658192988634619,0.299954,1.42927
80.72221564204665,254.9,260.0,0.927824826428626,active,0,13379,255.299,255.299,True,4165966798,64000000,mcu,13378,0.300284827627448,0.01658007108582413,0.299954,1.42927
81.22345839004265,255.36,260.0,0.927824826428626,active,0,13379,255.299,255.299,True,4165966798,64000000,mcu,13378,0.300284827627448,0.01658007108582413,0.299954,1.42927
81.72444140701555,255.83,260.0,0.9205004959182116,active,0,13382,256.006,256.006,True,4223566735,64000000,mcu,13381,0.3002847636947911,0.016578212918003328,0.299954,1.42927
82.22514846303966,256.03,260.0,0.9205004959182116,active,0,13382,256.006,256.006,True,4223566735,64000000,mcu,13381,0.3002847636947911,0.016578212918003328,0.299954,1.42927
82.72625368204899,256.45,260.0,0.9098344396124208,active,0,13386,256.858,256.858,True,5399519,64000000,mcu,13385,0.30028467859544267,0.016575736330631023,0.299954,1.42927
83.22653650300344,256.86,260.0,0.9098344396124208,active,0,13386,256.858,256.858,True,5399519,64000000,mcu,13385,0.30028467859544267,0.016575736330631023,0.299954,1.42927
83.72756132803624,257.05,260.0,0.9025101091020066,active,0,13389,257.443,257.443,True,62999918,64000000,mcu,13388,0.30028461525246486,0.016573879610654194,0.299954,1.42927
84.22896852600388,257.43,260.0,0.9025101091020066,active,0,13389,257.443,257.443,True,62999918,64000000,mcu,13388,0.30028461525246486,0.016573879610654194,0.299954,1.42927
84.73008630704135,257.79,260.0,0.8805065995269703,active,0,13392,258.027,258.027,True,120599815,64000000,mcu,13391,0.30028455141512955,0.016572023523421728,0.299954,1.42927
85.23054815403884,257.97,260.0,0.8805065995269703,active,0,13392,258.027,258.027,True,120599815,64000000,mcu,13391,0.30028455141512955,0.016572023523421728,0.299954,1.42927
85.73169535404304,258.32,260.0,0.8532539864194705,active,0,13396,258.734,258.734,True,197399971,64000000,mcu,13395,0.3002844665920119,0.0165695497059288,0.299954,1.42927
86.23255420103669,258.65,260.0,0.8532539864194705,active,0,13396,258.734,258.734,True,197399971,64000000,mcu,13395,0.3002844665920119,0.0165695497059288,0.299954,1.42927
86.73356047004927,258.81,260.0,0.8372167544060426,active,0,13399,259.196,259.196,True,255000531,64000000,mcu,13398,0.3002844034930586,0.016567695061379735,0.299954,1.42927
87.23501130501973,259.08,260.0,0.8372167544060426,active,0,13399,259.196,259.196,True,255000531,64000000,mcu,13398,0.3002844034930586,0.016567695061379735,0.299954,1.42927
87.73601098300423,259.34,260.0,0.8342259861142901,active,0,13402,259.537,259.537,True,312600186,64000000,mcu,13401,0.300284339526901,0.016565841054792068,0.299954,1.42927
88.23798509599874,259.5,260.0,0.8342259861142901,active,0,13402,259.537,259.537,True,312600186,64000000,mcu,13401,0.300284339526901,0.016565841054792068,0.299954,1.42927
88.73886812001001,259.76,260.0,0.802914473182269,active,0,13406,260.073,260.073,True,389400422,64000000,mcu,13405,0.3002842548302872,0.016563370004756647,0.299954,1.42927
89.23952318704687,259.99,260.0,0.802914473182269,active,0,13406,260.073,260.073,True,389400422,64000000,mcu,13405,0.3002842548302872,0.016563370004756647,0.299954,1.42927
89.74037741404027,260.09,260.0,0.7965362020294499,active,0,13409,260.341,260.341,True,447000786,64000000,mcu,13408,0.3002841915274463,0.01656151743936537,0.299954,1.42927
90.24167950503761,260.3,260.0,0.7965362020294499,active,0,13409,260.341,260.341,True,447000786,64000000,mcu,13408,0.3002841915274463,0.01656151743936537,0.299954,1.42927
90.74268687400036,260.45,260.0,0.7815671015487907,active,0,13412,260.609,260.609,True,504601140,64000000,mcu,13411,0.3002841282529267,0.016559665495456368,0.299954,1.42927
91.24399502703454,260.53,260.0,0.7815671015487907,active,0,13412,260.609,260.609,True,504601140,64000000,mcu,13411,0.3002841282529267,0.016559665495456368,0.299954,1.42927
91.74500518903369,260.69,260.0,0.7638666361486228,active,0,13416,260.877,260.877,True,581400959,64000000,mcu,13415,0.3002840433097279,0.016557197213738897,0.299954,1.42927
92.24632069701329,260.85,260.0,0.7638666361486228,active,0,13416,260.877,260.877,True,581400959,64000000,mcu,13415,0.3002840433097279,0.016557197213738897,0.299954,1.42927
92.74729411501903,260.92,260.0,0.7446250095368887,active,0,13419,261.096,261.096,True,639001285,64000000,mcu,13418,0.30028398017588315,0.016555346717353512,0.299954,1.42927
93.24848447099794,261.03,260.0,0.7446250095368887,active,0,13419,261.096,261.096,True,639001285,64000000,mcu,13418,0.30028398017588315,0.016555346717353512,0.299954,1.42927
93.74936212599277,261.12,260.0,0.7378194857709621,active,0,13422,261.218,261.218,True,696601319,64000000,mcu,13421,0.30028391669771254,0.01655349684760534,0.299954,1.42927
94.24991424899781,261.17,260.0,0.7378194857709621,active,0,13422,261.218,261.218,True,696601319,64000000,mcu,13421,0.30028391669771254,0.01655349684760534,0.299954,1.42927
94.75097014300991,261.26,260.0,0.7205920500495918,active,0,13426,261.364,261.364,True,773401097,64000000,mcu,13425,0.30028383188081936,0.016551031322804586,0.299954,1.42927
95.25235381501261,261.34,260.0,0.7205920500495918,active,0,13426,261.364,261.364,True,773401097,64000000,mcu,13425,0.30028383188081936,0.016551031322804586,0.299954,1.42927
95.75337722303811,261.37,260.0,0.7141832608529793,active,0,13429,261.437,261.437,True,831001656,64000000,mcu,13428,0.30028376906464105,0.016549182888979313,0.299954,1.42927
96.25454384600744,261.44,260.0,0.7141832608529793,active,0,13429,261.437,261.437,True,831001656,64000000,mcu,13428,0.30028376906464105,0.016549182888979313,0.299954,1.42927
96.75551578903105,261.47,260.0,0.6965590905622949,active,0,13432,261.534,261.534,True,888601813,64000000,mcu,13431,0.30028370582979674,0.01654733508191608,0.299954,1.42927
97.25661810400197,261.46,260.0,0.6965590905622949,active,0,13432,261.534,261.534,True,888601813,64000000,mcu,13431,0.30028370582979674,0.01654733508191608,0.299954,1.42927
97.75761534902267,261.49,260.0,0.6954451819638361,active,0,13436,261.51,261.51,True,965401491,64000000,mcu,13435,0.3002836209899516,0.016544872311566358,0.299954,1.42927
98.2590135250357,261.52,260.0,0.6954451819638361,active,0,13436,261.51,261.51,True,965401491,64000000,mcu,13435,0.3002836209899516,0.016544872311566358,0.299954,1.42927
98.76023487903876,261.53,260.0,0.6862439917601282,active,0,13439,261.534,261.534,True,1023002039,64000000,mcu,13438,0.3002835581931835,0.016543025941511802,0.299954,1.42927
99.26040805701632,261.52,260.0,0.6862439917601282,active,0,13439,261.534,261.534,True,1023002039,64000000,mcu,13438,0.3002835581931835,0.016543025941511802,0.299954,1.42927
99.76144199102418,261.47,260.0,0.6979324025329976,active,0,13442,261.437,261.437,True,1080601650,64000000,mcu,13441,0.30028349453165687,0.016541180204898573,0.299954,1.42927
100.26237711799331,261.43,260.0,0.6979324025329976,active,0,13442,261.437,261.437,True,1080601650,64000000,mcu,13441,0.30028349453165687,0.016541180204898573,0.299954,1.42927
100.7633814199944,261.43,260.0,0.6855725947966735,active,0,13446,261.388,261.388,True,1157401766,64000000,mcu,13445,0.30028341026403865,0.01653872017376691,0.299954,1.42927
101.26438129204325,261.39,260.0,0.6855725947966735,active,0,13446,261.388,261.388,True,1157401766,64000000,mcu,13445,0.30028341026403865,0.01653872017376691,0.299954,1.42927
101.76556862104917,261.36,260.0,0.6965743495841916,active,0,13449,261.266,261.266,True,1215002414,64000000,mcu,13448,0.3002833477096966,0.016536875859880378,0.299954,1.42927
102.26577791501768,261.31,260.0,0.6965743495841916,active,0,13449,261.266,261.266,True,1215002414,64000000,mcu,13448,0.3002833477096966,0.016536875859880378,0.299954,1.42927
102.76693080499535,261.25,260.0,0.6808728160524911,active,0,13452,261.242,261.242,True,1272602641,64000000,mcu,13451,0.30028328473719423,0.016535032170454378,0.299954,1.42927
103.26827576302458,261.23,260.0,0.6808728160524911,active,0,13452,261.242,261.242,True,1272602641,64000000,mcu,13451,0.30028328473719423,0.016535032170454378,0.299954,1.42927
103.76932479901006,261.2,260.0,0.6781567101548791,active,0,13456,261.145,261.145,True,1349402071,64000000,mcu,13455,0.3002831999256782,0.01653257489224935,0.299954,1.42927
104.27071192400763,261.17,260.0,0.6781567101548791,active,0,13456,261.145,261.145,True,1349402071,64000000,mcu,13455,0.3002831999256782,0.01653257489224935,0.299954,1.42927
104.7717291630106,261.14,260.0,0.6675822079804684,active,0,13459,261.12,261.12,True,1407002567,64000000,mcu,13458,0.3002831373160945,0.016530732635822814,0.299954,1.42927
105.272862834041,261.1,260.0,0.6675822079804684,active,0,13459,261.12,261.12,True,1407002567,64000000,mcu,13458,0.3002831373160945,0.016530732635822814,0.299954,1.42927
105.77405600203201,261.05,260.0,0.6657206073090715,active,0,13462,261.047,261.047,True,1464602697,64000000,mcu,13461,0.3002830743629745,0.016528891001382218,0.299954,1.42927
106.27538202400319,260.98,260.0,0.6657206073090715,active,0,13462,261.047,261.047,True,1464602697,64000000,mcu,13461,0.3002830743629745,0.016528891001382218,0.299954,1.42927
106.77643442404224,260.95,260.0,0.6713054093232623,active,0,13466,260.901,260.901,True,1541402506,64000000,mcu,13465,0.3002829900482733,0.016526436453242116,0.299954,1.42927
107.27681749500334,260.88,260.0,0.6713054093232623,active,0,13466,260.901,260.901,True,1541402506,64000000,mcu,13465,0.3002829900482733,0.016526436453242116,0.299954,1.42927
107.77782341901911,260.82,260.0,0.6728923476005189,active,0,13469,260.804,260.804,True,1599003013,64000000,mcu,13468,0.3002829276061776,0.01652459624659226,0.299954,1.42927
108.27907912799856,260.8,260.0,0.6728923476005189,active,0,13469,260.804,260.804,True,1599003013,64000000,mcu,13468,0.3002829276061776,0.01652459624659226,0.299954,1.42927
108.7800407630275,260.73,260.0,0.6827801937895781,active,0,13472,260.682,260.682,True,1656603040,64000000,mcu,13471,0.30028286474649246,0.01652275666209373,0.299954,1.42927
109.28120630903868,260.67,260.0,0.6827801937895781,active,0,13472,260.682,260.682,True,1656603040,64000000,mcu,13471,0.30028286474649246,0.01652275666209373,0.299954,1.42927
109.78222234803252,260.64,260.0,0.6788281071183337,active,0,13476,260.585,260.585,True,1733403094,64000000,mcu,13475,0.30028278077922077,0.01652030484167661,0.299954,1.42927
110.28357811004389,260.59,260.0,0.6788281071183337,active,0,13476,260.585,260.585,True,1733403094,64000000,mcu,13475,0.30028278077922077,0.01652030484167661,0.299954,1.42927
110.78457310202066,260.53,260.0,0.6896467536430915,active,0,13479,260.463,260.463,True,1791003336,64000000,mcu,13478,0.3002827180590592,0.01651846668858365,0.299954,1.42927
111.28582940704655,260.5,260.0,0.6896467536430915,active,0,13479,260.463,260.463,True,1791003336,64000000,mcu,13478,0.3002827180590592,0.01651846668858365,0.299954,1.42927
111.78706828504801,260.43,260.0,0.7016861219195849,active,0,13482,260.341,260.341,True,1848603403,64000000,mcu,13481,0.3002826552184556,0.016516629151565272,0.299954,1.42927
112.28873154800385,260.37,260.0,0.7016861219195849,active,0,13482,260.341,260.341,True,1848603403,64000000,mcu,13481,0.3002826552184556,0.016516629151565272,0.299954,1.42927
112.78987475100439,260.35,260.0,0.6834210727092394,active,0,13486,260.317,260.317,True,1925403648,64000000,mcu,13485,0.3002825716722284,0.01651418005235142,0.299954,1.42927
113.29120422399137,260.28,260.0,0.6834210727092394,active,0,13486,260.317,260.317,True,1925403648,64000000,mcu,13485,0.3002825716722284,0.01651418005235142,0.299954,1.42927
113.7923086520168,260.24,260.0,0.6904707408255131,active,0,13489,260.219,260.219,True,1983003789,64000000,mcu,13488,0.3002825090450771,0.016512343942774965,0.299954,1.42927
114.2934296670137,260.23,260.0,0.6904707408255131,active,0,13489,260.219,260.219,True,1983003789,64000000,mcu,13488,0.3002825090450771,0.016512343942774965,0.299954,1.42927
114.79467978904722,260.2,260.0,0.6800183108262761,active,0,13492,260.219,260.219,True,2040604056,64000000,mcu,13491,0.3002824463716552,0.01651050844667983,0.299954,1.42927
115.29601205402287,260.17,260.0,0.6800183108262761,active,0,13492,260.219,260.219,True,2040604056,64000000,mcu,13491,0.3002824463716552,0.01651050844667983,0.299954,1.42927
115.79703283403069,260.17,260.0,0.6801098649576562,active,0,13496,260.17,260.17,True,2117404137,64000000,mcu,13495,0.30028236280103743,0.01650806207132,0.299954,1.42927
116.29831149301026,260.15,260.0,0.6801098649576562,active,0,13496,260.17,260.17,True,2117404137,64000000,mcu,13495,0.30028236280103743,0.01650806207132,0.299954,1.42927
116.79940633801743,260.11,260.0,0.6855420767528801,active,0,13499,260.122,260.122,True,2175004031,64000000,mcu,13498,0.300282299970366,0.01650622800640978,0.299954,1.42927
117.29992083704565,260.09,260.0,0.6855420767528801,active,0,13499,260.122,260.122,True,2175004031,64000000,mcu,13498,0.300282299970366,0.01650622800640978,0.299954,1.42927
117.80109700502362,260.08,260.0,0.6825970855268177,active,0,13502,260.097,260.097,True,2232604600,64000000,mcu,13501,0.30028223783423447,0.016504394541342816,0.299954,1.42927
118.30301425402286,260.07,260.0,0.6825970855268177,active,0,13502,260.097,260.097,True,2232604600,64000000,mcu,13501,0.30028223783423447,0.016504394541342816,0.299954,1.42927
118.80428251303965,260.05,260.0,0.6937209124895094,active,0,13506,260.024,260.024,True,2309404256,64000000,mcu,13505,0.3002821539429841,0.016501950889891082,0.299954,1.42927
119.30440521100536,260.02,260.0,0.6937209124895094,active,0,13506,260.024,260.024,True,2309404256,64000000,mcu,13505,0.3002821539429841,0.016501950889891082,0.299954,1.42927
119.80545587802771,259.99,260.0,0.7031357289997712,active,0,13509,259.951,259.951,True,2367004897,64000000,mcu,13508,0.300282092019544,0.01650011884706218,0.299954,1.42927
120.30643621803029,259.98,260.0,0.7031357289997712,active,0,13509,259.951,259.951,True,2367004897,64000000,mcu,13508,0.300282092019544,0.01650011884706218,0.299954,1.42927
120.80759246600792,259.94,260.0,0.702738994430457,active,0,13512,259.927,259.927,True,2424604777,64000000,mcu,13511,0.3002820293094515,0.016498287428142612,0.299954,1.42927
121.3086706220056,259.92,260.0,0.702738994430457,active,0,13512,259.927,259.927,True,2424604777,64000000,mcu,13511,0.3002820293094515,0.016498287428142612,0.299954,1.42927
121.80977986502694,259.92,260.0,0.6946059357595178,active,0,13516,259.927,259.927,True,2501404984,64000000,mcu,13515,0.3002819461339253,0.016495846477829198,0.299954,1.42927
122.3110233010375,259.89,260.0,0.6946059357595178,active,0,13516,259.927,259.927,True,2501404984,64000000,mcu,13515,0.3002819461339253,0.016495846477829198,0.299954,1.42927
122.81222878699191,259.91,260.0,0.696452277409018,active,0,13519,259.903,259.903,True,2559005035,64000000,mcu,13518,0.3002818836366326,0.016494016478426864,0.299954,1.42927
123.31252202100586,259.9,260.0,0.696452277409018,active,0,13519,259.903,259.903,True,2559005035,64000000,mcu,13518,0.3002818836366326,0.016494016478426864,0.299954,1.42927
123.81365485000424,259.87,260.0,0.7024948500801098,active,0,13522,259.878,259.878,True,2616605205,64000000,mcu,13521,0.3002818213149915,0.016492187085526626,0.299954,1.42927
124.31494988303166,259.87,260.0,0.7024948500801098,active,0,13522,259.878,259.878,True,2616605205,64000000,mcu,13521,0.3002818213149915,0.016492187085526626,0.299954,1.42927
124.81606017804006,259.85,260.0,0.7161821927214466,active,0,13526,259.805,259.805,True,2693405252,64000000,mcu,13525,0.30028173804066544,0.016489748845438707,0.299954,1.42927
125.31637977203354,259.87,260.0,0.7161821927214466,active,0,13526,259.805,259.805,True,2693405252,64000000,mcu,13525,0.30028173804066544,0.016489748845438707,0.299954,1.42927
125.81737518601585,259.86,260.0,0.7063401235980774,active,0,13529,259.854,259.854,True,2751005491,64000000,mcu,13528,0.30028167578356,0.01648792087193031,0.299954,1.42927
126.31848757801345,259.85,260.0,0.7063401235980774,active,0,13529,259.854,259.854,True,2751005491,64000000,mcu,13528,0.30028167578356,0.01648792087193031,0.299954,1.42927
126.8194197230041,259.86,260.0,0.6990768291752498,active,0,13532,259.878,259.878,True,2808605586,64000000,mcu,13531,0.3002816134062523,0.016486093508728282,0.299954,1.42927
127.32062907103682,259.86,260.0,0.6990768291752498,active,0,13532,259.878,259.878,True,2808605586,64000000,mcu,13531,0.3002816134062523,0.016486093508728282,0.299954,1.42927
127.82154488604283,259.86,260.0,0.7014419775692378,active,0,13536,259.878,259.878,True,2885405726,64000000,mcu,13535,0.30028153040265976,0.016483657967197456,0.299954,1.42927
128.32291632599663,259.87,260.0,0.7014419775692378,active,0,13536,259.878,259.878,True,2885405726,64000000,mcu,13535,0.30028153040265976,0.016483657967197456,0.299954,1.42927
128.82404120702995,259.89,260.0,0.6974593728542,active,0,13539,259.903,259.903,True,2943005700,64000000,mcu,13538,0.30028146794208893,0.016481832023467525,0.299954,1.42927
129.3253352570464,259.87,260.0,0.6974593728542,active,0,13539,259.903,259.903,True,2943005700,64000000,mcu,13538,0.30028146794208893,0.016481832023467525,0.299954,1.42927
129.82639331300743,259.88,260.0,0.6982681010147249,active,0,13542,259.903,259.903,True,3000606240,64000000,mcu,13541,0.3002814061738424,0.016480006675002493,0.299954,1.42927
130.32763599901227,259.87,260.0,0.6982681010147249,active,0,13542,259.903,259.903,True,3000606240,64000000,mcu,13541,0.3002814061738424,0.016480006675002493,0.299954,1.42927
130.82879738503834,259.88,260.0,0.7005111772335393,active,0,13546,259.903,259.903,True,3077406238,64000000,mcu,13545,0.300281322997416,0.01647757383476387,0.299954,1.42927
131.3301189900376,259.87,260.0,0.7005111772335393,active,0,13546,259.903,259.903,True,3077406238,64000000,mcu,13545,0.300281322997416,0.01647757383476387,0.299954,1.42927
131.83134643902304,259.91,260.0,0.6894941634241245,active,0,13549,259.951,259.951,True,3135006170,64000000,mcu,13548,0.30028126070268674,0.01647574991057091,0.299954,1.42927
132.33252032700693,259.91,260.0,0.6894941634241245,active,0,13549,259.951,259.951,True,3135006170,64000000,mcu,13548,0.30028126070268674,0.01647574991057091,0.299954,1.42927
132.8335686160135,259.9,260.0,0.7118944075684749,active,0,13552,259.878,259.878,True,3192606578,64000000,mcu,13551,0.30028119895210686,0.016473926583151093,0.299954,1.42927
133.33473965903977,259.88,260.0,0.7118944075684749,active,0,13552,259.878,259.878,True,3192606578,64000000,mcu,13551,0.30028119895210686,0.016473926583151093,0.299954,1.42927
133.83554340800038,259.88,260.0,0.7093614099336233,active,0,13556,259.878,259.878,True,3269406772,64000000,mcu,13555,0.3002811160457396,0.01647149643179553,0.299954,1.42927
134.33670343004633,259.86,260.0,0.7093614099336233,active,0,13556,259.878,259.878,True,3269406772,64000000,mcu,13555,0.3002811160457396,0.01647149643179553,0.299954,1.42927
134.837873306009,259.85,260.0,0.7127031357289998,active,0,13559,259.854,259.854,True,3327006513,64000000,mcu,13558,0.3002810535477209,0.016469674529821225,0.299954,1.42927
135.33904888102552,259.85,260.0,0.7127031357289998,active,0,13559,259.854,259.854,True,3327006513,64000000,mcu,13558,0.3002810535477209,0.016469674529821225,0.299954,1.42927
135.83987265004544,259.86,260.0,0.7066300450141146,active,0,13562,259.878,259.878,True,3384606980,64000000,mcu,13561,0.3002809918147629,0.016467853219693535,0.299954,1.42927
136.341094798001,259.9,260.0,0.7066300450141146,active,0,13562,259.878,259.878,True,3384606980,64000000,mcu,13561,0.3002809918147629,0.016467853219693535,0.299954,1.42927
136.84215184603818,259.92,260.0,0.6919203479056992,active,0,13566,259.976,259.976,True,3461407259,64000000,mcu,13565,0.3002809091780317,0.01646542575209631,0.299954,1.42927
137.34332828002516,259.92,260.0,0.6919203479056992,active,0,13566,259.976,259.976,True,3461407259,64000000,mcu,13565,0.3002809091780317,0.01646542575209631,0.299954,1.42927
137.84428138204385,259.95,260.0,0.6893873502708476,active,0,13569,260.0,260.0,True,3519006875,64000000,mcu,13568,0.3002808466981132,0.01646360586482089,0.299954,1.42927
138.34549882402644,259.94,260.0,0.6893873502708476,active,0,13569,260.0,260.0,True,3519006875,64000000,mcu,13568,0.3002808466981132,0.01646360586482089,0.299954,1.42927
138.8464426320279,259.95,260.0,0.6996566720073243,active,0,13572,259.976,259.976,True,3576606728,64000000,mcu,13571,0.30028078439319134,0.01646178657852179,0.299954,1.42927
139.3476981180138,259.94,260.0,0.6996566720073243,active,0,13572,259.976,259.976,True,3576606728,64000000,mcu,13571,0.30028078439319134,0.01646178657852179,0.299954,1.42927
139.84898164699553,259.94,260.0,0.6994583047226672,active,0,13576,259.976,259.976,True,3653407333,64000000,mcu,13575,0.30028070232044196,0.01645936178487438,0.299954,1.42927
140.35031400399748,259.97,260.0,0.6994583047226672,active,0,13576,259.976,259.976,True,3653407333,64000000,mcu,13575,0.30028070232044196,0.01645936178487438,0.299954,1.42927
140.85129971703282,259.97,260.0,0.6995040817883573,active,0,13579,260.0,260.0,True,3711007023,64000000,mcu,13578,0.3002806400795404,0.016457543904826597,0.299954,1.42927
141.35243524302496,259.99,260.0,0.6995040817883573,active,0,13579,260.0,260.0,True,3711007023,64000000,mcu,13578,0.3002806400795404,0.016457543904826597,0.299954,1.42927
141.85336955299135,260.01,260.0,0.6965133134966048,active,0,13582,260.024,260.024,True,3768607217,64000000,mcu,13581,0.3002805782342979,0.016455726620858615,0.299954,1.42927
142.35450795601355,260.02,260.0,0.6965133134966048,active,0,13582,260.024,260.024,True,3768607217,64000000,mcu,13581,0.3002805782342979,0.016455726620858615,0.299954,1.42927
142.8554251579917,260.0,260.0,0.7163653009842069,active,0,13586,259.951,259.951,True,3845407460,64000000,mcu,13585,0.3002804958410011,0.016453304511234806,0.299954,1.42927
143.35657662001904,259.97,260.0,0.7163653009842069,active,0,13586,259.951,259.951,True,3845407460,64000000,mcu,13585,0.3002804958410011,0.016453304511234806,0.299954,1.42927
143.8574355689925,259.99,260.0,0.6940718699931334,active,0,13589,260.024,260.024,True,3903007642,64000000,mcu,13588,0.3002804340594642,0.01645148863105253,0.299954,1.42927
144.3585443579941,259.98,260.0,0.6940718699931334,active,0,13589,260.024,260.024,True,3903007642,64000000,mcu,13588,0.3002804340594642,0.01645148863105253,0.299954,1.42927
144.85944738303078,259.97,260.0,0.7112993057145037,active,0,13592,259.951,259.951,True,3960607991,64000000,mcu,13591,0.30028037252593626,0.016449673348174317,0.299954,1.42927
145.36068891303148,259.98,260.0,0.7112993057145037,active,0,13592,259.951,259.951,True,3960607991,64000000,mcu,13591,0.30028037252593626,0.016449673348174317,0.299954,1.42927
145.8614931940101,259.99,260.0,0.7012893873502708,active,0,13596,260.0,260.0,True,4037407735,64000000,mcu,13595,0.30028028973887455,0.016447253918818138,0.299954,1.42927
146.3628051870037,260.0,260.0,0.7012893873502708,active,0,13596,260.0,260.0,True,4037407735,64000000,mcu,13595,0.30028028973887455,0.016447253918818138,0.299954,1.42927
146.86372165102512,260.01,260.0,0.6863813229571984,active,0,13599,260.073,260.073,True,4095007886,64000000,mcu,13598,0.3002802280482424,0.01644544004096689,0.299954,1.42927
147.36507425899617,260.02,260.0,0.6863813229571984,active,0,13599,260.073,260.073,True,4095007886,64000000,mcu,13598,0.3002802280482424,0.01644544004096689,0.299954,1.42927
147.86606082104845,260.05,260.0,0.677759975585565,active,0,13602,260.122,260.122,True,4152607667,64000000,mcu,13601,0.3002801660172046,0.016443626769403884,0.299954,1.42927
148.36721714003943,260.08,260.0,0.677759975585565,active,0,13602,260.122,260.122,True,4152607667,64000000,mcu,13601,0.3002801660172046,0.016443626769403884,0.299954,1.42927
148.86823575099697,260.07,260.0,0.6964217593652247,active,0,13606,260.073,260.073,True,4229408214,64000000,mcu,13605,0.3002800841602352,0.016441209992908608,0.299954,1.42927
149.3683814270189,260.07,260.0,0.6964217593652247,active,0,13606,260.073,260.073,True,4229408214,64000000,mcu,13605,0.3002800841602352,0.016441209992908608,0.299954,1.42927
149.86927763104904,260.04,260.0,0.7006332494087129,active,0,13609,260.049,260.049,True,4287007867,64000000,mcu,13608,0.30028002204585535,0.016439398122530344,0.299954,1.42927
150.37039934203494,260.03,260.0,0.7006332494087129,active,0,13609,260.049,260.049,True,4287007867,64000000,mcu,13608,0.30028002204585535,0.016439398122530344,0.299954,1.42927
150.87170803302433,260.05,260.0,0.7027542534523536,active,0,13612,260.024,260.024,True,49640484,64000000,mcu,13611,0.3002799601792668,0.016437586847293344,0.299954,1.42927
151.37285682401853,260.02,260.0,0.7027542534523536,active,0,13612,260.024,260.024,True,49640484,64000000,mcu,13611,0.3002799601792668,0.016437586847293344,0.299954,1.42927
151.87401801301166,259.99,260.0,0.7047989623865111,active,0,13616,260.0,260.0,True,126440813,64000000,mcu,13615,0.30027987829599706,0.01643517273511304,0.299954,1.42927
152.3751004410442,259.99,260.0,0.7047989623865111,active,0,13616,260.0,260.0,True,126440813,64000000,mcu,13615,0.30027987829599706,0.01643517273511304,0.299954,1.42927
152.87622306501726,260.01,260.0,0.6835278858625162,active,0,13619,260.073,260.073,True,184040722,64000000,mcu,13618,0.3002798165663093,0.016433362854694072,0.299954,1.42927
153.37719314201968,260.0,260.0,0.6835278858625162,active,0,13619,260.073,260.073,True,184040722,64000000,mcu,13618,0.3002798165663093,0.016433362854694072,0.299954,1.42927
153.87836853804765,260.01,260.0,0.708171206225681,active,0,13622,259.976,259.976,True,241640600,64000000,mcu,13621,0.3002797548638132,0.016431553572166722,0.299954,1.42927
154.37939755199477,259.99,260.0,0.708171206225681,active,0,13622,259.976,259.976,True,241640600,64000000,mcu,13621,0.3002797548638132,0.016431553572166722,0.299954,1.42927
154.88051641004859,259.99,260.0,0.694544899671931,active,0,13626,260.024,260.024,True,318441067,64000000,mcu,13625,0.30027967324770644,0.016429142114328204,0.299954,1.42927
155.3814982540207,260.0,260.0,0.694544899671931,active,0,13626,260.024,260.024,True,318441067,64000000,mcu,13625,0.30027967324770644,0.016429142114328204,0.299954,1.42927
155.8826602550107,260.02,260.0,0.6843060959792477,active,0,13629,260.073,260.073,True,376041124,64000000,mcu,13628,0.30027961175520984,0.016427334222824726,0.299954,1.42927
156.3831783470232,260.0,260.0,0.6843060959792477,active,0,13629,260.073,260.073,True,376041124,64000000,mcu,13628,0.30027961175520984,0.016427334222824726,0.299954,1.42927
156.88436769600958,259.99,260.0,0.7018997482261387,active,0,13632,260.0,260.0,True,433641225,64000000,mcu,13631,0.3002795503631428,0.016425526926800955,0.299954,1.42927
157.38542353600496,260.0,260.0,0.7018997482261387,active,0,13632,260.0,260.0,True,433641225,64000000,mcu,13631,0.3002795503631428,0.016425526926800955,0.299954,1.42927
157.886543309025,260.0,260.0,0.7012436102845807,active,0,13636,260.0,260.0,True,510441280,64000000,mcu,13635,0.30027946842684267,0.01642311812842345,0.299954,1.42927
158.38773118099198,259.99,260.0,0.7012436102845807,active,0,13636,260.0,260.0,True,510441280,64000000,mcu,13635,0.30027946842684267,0.01642311812842345,0.299954,1.42927
158.88888089702232,259.99,260.0,0.6994583047226672,active,0,13639,260.0,260.0,True,568041725,64000000,mcu,13638,0.3002794074644376,0.01642131221751354,0.299954,1.42927
159.3900861000293,260.0,260.0,0.6994583047226672,active,0,13639,260.0,260.0,True,568041725,64000000,mcu,13638,0.3002794074644376,0.01642131221751354,0.299954,1.42927
159.89113717799773,259.99,260.0,0.7011215381094071,active,0,13642,260.0,260.0,True,625641298,64000000,mcu,13641,0.30027934564914593,0.016419506916806194,0.299954,1.42927
160.39222966204397,259.98,260.0,0.7011215381094071,active,0,13642,260.0,260.0,True,625641298,64000000,mcu,13641,0.30027934564914593,0.016419506916806194,0.299954,1.42927
160.89335271401796,259.98,260.0,0.7083848325322347,active,0,13646,259.951,259.951,True,702441859,64000000,mcu,13645,0.30027926434591423,0.016417100756910483,0.299954,1.42927
161.39452263404382,259.98,260.0,0.7083848325322347,active,0,13646,259.951,259.951,True,702441859,64000000,mcu,13645,0.30027926434591423,0.016417100756910483,0.299954,1.42927
161.89550733502256,259.99,260.0,0.7030441748683909,active,0,13649,259.976,259.976,True,760041922,64000000,mcu,13648,0.3002792030334115,0.01641529683719587,0.299954,1.42927
162.3966015810147,260.0,260.0,0.7030441748683909,active,0,13649,259.976,259.976,True,760041922,64000000,mcu,13648,0.3002792030334115,0.01641529683719587,0.299954,1.42927
162.8976572380052,260.02,260.0,0.6935988403143358,active,0,13652,260.024,260.024,True,817641603,64000000,mcu,13651,0.30027914130832906,0.01641349351950374,0.299954,1.42927
163.39884850900853,260.04,260.0,0.6935988403143358,active,0,13652,260.024,260.024,True,817641603,64000000,mcu,13651,0.30027914130832906,0.01641349351950374,0.299954,1.42927
163.90004455804592,260.03,260.0,0.6941786831464103,active,0,13656,260.049,260.049,True,894442323,64000000,mcu,13655,0.300279060270963,0.016411089999528974,0.299954,1.42927
164.40116182004567,260.05,260.0,0.6941786831464103,active,0,13656,260.049,260.049,True,894442323,64000000,mcu,13655,0.300279060270963,0.016411089999528974,0.299954,1.42927
164.9021738260053,260.03,260.0,0.695551995117113,active,0,13659,260.049,260.049,True,952042359,64000000,mcu,13658,0.3002789990481769,0.016409288060267046,0.299954,1.42927
165.402970982017,260.02,260.0,0.695551995117113,active,0,13659,260.049,260.049,True,952042359,64000000,mcu,13658,0.3002789990481769,0.016409288060267046,0.299954,1.42927
165.90412087499863,260.03,260.0,0.6983443961242084,active,0,13662,260.024,260.024,True,1009642061,64000000,mcu,13661,0.30027893748627477,0.016407486720680927,0.299954,1.42927
166.40524022700265,260.01,260.0,0.6983443961242084,active,0,13662,260.024,260.024,True,1009642061,64000000,mcu,13661,0.30027893748627477,0.016407486720680927,0.299954,1.42927
166.9064200820285,260.02,260.0,0.6897840848401617,active,0,13666,260.049,260.049,True,1086442529,64000000,mcu,13665,0.3002788563483352,0.016405085841969896,0.299954,1.42927
167.40665708400775,260.01,260.0,0.6897840848401617,active,0,13666,260.049,260.049,True,1086442529,64000000,mcu,13665,0.3002788563483352,0.016405085841969896,0.299954,1.42927
167.90786337701138,259.99,260.0,0.695551995117113,active,0,13669,260.024,260.024,True,1144042738,64000000,mcu,13668,0.30027879536142815,0.016403285877060608,0.299954,1.42927
168.4090040299925,259.99,260.0,0.695551995117113,active,0,13669,260.024,260.024,True,1144042738,64000000,mcu,13668,0.30027879536142815,0.016403285877060608,0.299954,1.42927
168.91023103904445,259.98,260.0,0.6979476615548943,active,0,13672,260.0,260.0,True,1201642939,64000000,mcu,13671,0.3002787344012874,0.016401486504591032,0.299954,1.42927
169.41135956702055,259.99,260.0,0.6979476615548943,active,0,13672,260.0,260.0,True,1201642939,64000000,mcu,13671,0.3002787344012874,0.016401486504591032,0.299954,1.42927
169.9121254600468,260.01,260.0,0.6860914015411612,active,0,13676,260.049,260.049,True,1278443226,64000000,mcu,13675,0.3002786530895795,0.016399088263291398,0.299954,1.42927
170.41214881499764,260.0,260.0,0.6860914015411612,active,0,13676,260.049,260.049,True,1278443226,64000000,mcu,13675,0.3002786530895795,0.016399088263291398,0.299954,1.42927
170.91283005004516,259.99,260.0,0.6931105516136415,active,0,13679,260.024,260.024,True,1336043322,64000000,mcu,13678,0.3002785920456207,0.01639729027405441,0.299954,1.42927
171.41372954600956,259.99,260.0,0.6931105516136415,active,0,13679,260.024,260.024,True,1336043322,64000000,mcu,13678,0.3002785920456207,0.01639729027405441,0.299954,1.42927
171.91531051503262,259.99,260.0,0.7036850537880522,active,0,13682,259.976,259.976,True,1393642949,64000000,mcu,13681,0.30027853058986914,0.016395492883557277,0.299954,1.42927
172.416450009041,259.96,260.0,0.7036850537880522,active,0,13682,259.976,259.976,True,1393642949,64000000,mcu,13681,0.30027853058986914,0.016395492883557277,0.299954,1.42927
172.91832475503907,259.96,260.0,0.704600595101854,active,0,13686,259.951,259.951,True,1470443421,64000000,mcu,13685,0.300278449689441,0.01639309726514961,0.299954,1.42927
173.41931271500653,259.96,260.0,0.704600595101854,active,0,13686,259.951,259.951,True,1470443421,64000000,mcu,13685,0.300278449689441,0.01639309726514961,0.299954,1.42927
173.9200342640397,259.97,260.0,0.7047837033646144,active,0,13689,259.951,259.951,True,1528043731,64000000,mcu,13688,0.30027838895382813,0.016391301241839563,0.299954,1.42927
174.42105339601403,259.97,260.0,0.7047837033646144,active,0,13689,259.951,259.951,True,1528043731,64000000,mcu,13688,0.30027838895382813,0.016391301241839563,0.299954,1.42927
174.9215379790403,259.96,260.0,0.6931105516136415,active,0,13692,260.0,260.0,True,1585643512,64000000,mcu,13691,0.30027832773354757,0.016389505817400545,0.299954,1.42927
175.4224188150256,259.98,260.0,0.6931105516136415,active,0,13692,260.0,260.0,True,1585643512,64000000,mcu,13691,0.30027832773354757,0.016389505817400545,0.299954,1.42927
175.9239786870312,259.97,260.0,0.7026016632333867,active,0,13696,259.976,259.976,True,1662444145,64000000,mcu,13695,0.3002782470244615,0.01638711282080451,0.299954,1.42927
176.4250125309918,259.96,260.0,0.7026016632333867,active,0,13696,259.976,259.976,True,1662444145,64000000,mcu,13695,0.3002782470244615,0.01638711282080451,0.299954,1.42927
176.9258923699963,259.96,260.0,0.6880750743877317,active,0,13699,260.024,260.024,True,1720043926,64000000,mcu,13698,0.30027818586654986,0.01638531877226408,0.299954,1.42927
177.4268905550125,259.97,260.0,0.6880750743877317,active,0,13699,260.024,260.024,True,1720043926,64000000,mcu,13698,0.30027818586654986,0.01638531877226408,0.299954,1.42927
177.92746651300695,259.96,260.0,0.6947127489127947,active,0,13702,260.0,260.0,True,1777643670,64000000,mcu,13701,0.30027812466243337,0.01638352531398887,0.299954,1.42927
178.42852339503588,259.96,260.0,0.6947127489127947,active,0,13702,260.0,260.0,True,1777643670,64000000,mcu,13701,0.30027812466243337,0.01638352531398887,0.299954,1.42927
178.92910589202074,260.0,260.0,0.6884870679789425,active,0,13706,260.024,260.024,True,1854444387,64000000,mcu,13705,0.30027804421743887,0.016381134933161564,0.299954,1.42927
179.42939182999544,260.02,260.0,0.6884870679789425,active,0,13706,260.024,260.024,True,1854444387,64000000,mcu,13705,0.30027804421743887,0.016381134933161564,0.299954,1.42927
179.930095955031,259.99,260.0,0.70766765850309,active,0,13709,259.976,259.976,True,1912044642,64000000,mcu,13708,0.30027798365917713,0.016379342838340576,0.299954,1.42927
180.4312903819955,259.96,260.0,0.70766765850309,active,0,13709,259.976,259.976,True,1912044642,64000000,mcu,13708,0.30027798365917713,0.016379342838340576,0.299954,1.42927
180.93291695200605,259.96,260.0,0.7079270618753338,active,0,13712,259.951,259.951,True,1969644369,64000000,mcu,13711,0.30027792261687697,0.016377551340230813,0.299954,1.42927
181.43401233601617,259.97,260.0,0.7079270618753338,active,0,13712,259.951,259.951,True,1969644369,64000000,mcu,13711,0.30027792261687697,0.016377551340230813,0.299954,1.42927
181.93539279303513,259.98,260.0,0.7021133745326924,active,0,13716,259.976,259.976,True,2046444724,64000000,mcu,13715,0.30027784185198686,0.016375163580322392,0.299954,1.42927
182.43641505902633,259.98,260.0,0.7021133745326924,active,0,13716,259.976,259.976,True,2046444724,64000000,mcu,13715,0.30027784185198686,0.016375163580322392,0.299954,1.42927
182.93800342199393,259.96,260.0,0.7027542534523536,active,0,13719,259.976,259.976,True,2104044902,64000000,mcu,13718,0.3002777811634349,0.016373373448090683,0.299954,1.42927
183.4391451300471,259.95,260.0,0.7027542534523536,active,0,13719,259.976,259.976,True,2104044902,64000000,mcu,13718,0.3002777811634349,0.016373373448090683,0.299954,1.42927
183.93971748900367,259.98,260.0,0.6989394979781796,active,0,13722,259.976,259.976,True,2161644921,64000000,mcu,13721,0.30027772050142115,0.016371583902782087,0.299954,1.42927
184.4407774930005,260.0,260.0,0.6989394979781796,active,0,13722,259.976,259.976,True,2161644921,64000000,mcu,13721,0.30027772050142115,0.016371583902782087,0.299954,1.42927
184.94147256703582,260.0,260.0,0.6880903334096284,active,0,13726,260.049,260.049,True,2238444810,64000000,mcu,13725,0.30027763956284154,0.01636919875660548,0.299954,1.42927
185.4424511580146,259.99,260.0,0.6880903334096284,active,0,13726,260.049,260.049,True,2238444810,64000000,mcu,13725,0.30027763956284154,0.01636919875660548,0.299954,1.42927
185.94412915903376,260.01,260.0,0.6934309910734722,active,0,13729,260.024,260.024,True,2296045535,64000000,mcu,13728,0.3002775796182984,0.016367410568580987,0.299954,1.42927
186.44520477502374,260.01,260.0,0.6934309910734722,active,0,13729,260.024,260.024,True,2296045535,64000000,mcu,13728,0.3002775796182984,0.016367410568580987,0.299954,1.42927
186.94607804500265,260.0,260.0,0.6885023270008392,active,0,13732,260.049,260.049,True,2353645137,64000000,mcu,13731,0.30027751853470247,0.0163656229861918,0.299954,1.42927
187.44712412904482,260.0,260.0,0.6885023270008392,active,0,13732,260.049,260.049,True,2353645137,64000000,mcu,13731,0.30027751853470247,0.0163656229861918,0.299954,1.42927
187.94792816904373,259.99,260.0,0.706157015335317,active,0,13736,259.976,259.976,True,2430445180,64000000,mcu,13735,0.30027743778667637,0.01636324044275605,0.299954,1.42927
188.44911646202672,259.98,260.0,0.706157015335317,active,0,13736,259.976,259.976,True,2430445180,64000000,mcu,13735,0.30027743778667637,0.01636324044275605,0.299954,1.42927
188.95048007299192,259.97,260.0,0.7032883192187381,active,0,13739,259.976,259.976,True,2488045580,64000000,mcu,13738,0.30027737763866647,0.016361454211491967,0.299954,1.42927
189.45146271702833,260.02,260.0,0.7032883192187381,active,0,13739,259.976,259.976,True,2488045580,64000000,mcu,13738,0.30027737763866647,0.016361454211491967,0.299954,1.42927
189.95292177202646,260.01,260.0,0.6901197833218891,active,0,13742,260.049,260.049,True,2545645758,64000000,mcu,13741,0.3002773172258205,0.016359668569889487,0.299954,1.42927
190.45401459303685,260.03,260.0,0.6901197833218891,active,0,13742,260.049,260.049,True,2545645758,64000000,mcu,13741,0.3002773172258205,0.016359668569889487,0.299954,1.42927
190.95546473603463,260.04,260.0,0.7040054932478829,active,0,13746,260.0,260.0,True,2622445697,64000000,mcu,13745,0.300277236449618,0.01635728862813563,0.299954,1.42927
191.4574557900196,260.04,260.0,0.7040054932478829,active,0,13746,260.0,260.0,True,2622445697,64000000,mcu,13745,0.300277236449618,0.01635728862813563,0.299954,1.42927
191.95893859799253,260.03,260.0,0.693537804226749,active,0,13749,260.049,260.049,True,2680046311,64000000,mcu,13748,0.3002771765347687,0.016355504342508938,0.299954,1.42927
192.45989160001045,260.03,260.0,0.693537804226749,active,0,13749,260.049,260.049,True,2680046311,64000000,mcu,13748,0.3002771765347687,0.016355504342508938,0.299954,1.42927
192.96140376100084,260.02,260.0,0.6986343175402456,active,0,13752,260.024,260.024,True,2737645946,64000000,mcu,13751,0.3002771157006763,0.016353720656672604,0.299954,1.42927
193.46234118903521,260.02,260.0,0.6986343175402456,active,0,13752,260.024,260.024,True,2737645946,64000000,mcu,13751,0.3002771157006763,0.016353720656672604,0.299954,1.42927
193.96309360401938,260.02,260.0,0.6911573968108644,active,0,13756,260.049,260.049,True,2814446206,64000000,mcu,13755,0.3002770353326063,0.016351343304482853,0.299954,1.42927
194.4642452489934,260.02,260.0,0.6911573968108644,active,0,13756,260.049,260.049,True,2814446206,64000000,mcu,13755,0.3002770353326063,0.016351343304482853,0.299954,1.42927
194.96510678500636,260.02,260.0,0.690928511482414,active,0,13759,260.049,260.049,True,2872046524,64000000,mcu,13758,0.3002769752871057,0.016349560967176494,0.299954,1.42927
195.46628545003477,260.03,260.0,0.690928511482414,active,0,13759,260.049,260.049,True,2872046524,64000000,mcu,13758,0.3002769752871057,0.016349560967176494,0.299954,1.42927
195.96692308003549,260.02,260.0,0.684245059891661,active,0,13762,260.073,260.073,True,2929646295,64000000,mcu,13761,0.30027691461376355,0.01634777922384812,0.299954,1.42927
196.46847783704288,260.04,260.0,0.684245059891661,active,0,13762,260.073,260.073,True,2929646295,64000000,mcu,13761,0.30027691461376355,0.01634777922384812,0.299954,1.42927
196.9692917590146,260.04,260.0,0.6931563286793316,active,0,13766,260.049,260.049,True,3006446466,64000000,mcu,13765,0.3002768343625136,0.016345404461476365,0.299954,1.42927
197.47042728302768,260.04,260.0,0.6931563286793316,active,0,13766,260.049,260.049,True,3006446466,64000000,mcu,13765,0.3002768343625136,0.016345404461476365,0.299954,1.42927
197.97093911503907,260.04,260.0,0.6852216372930495,active,0,13769,260.073,260.073,True,3064047109,64000000,mcu,13768,0.3002767746223126,0.01634362406163384,0.299954,1.42927
198.4730323360418,260.03,260.0,0.6852216372930495,active,0,13769,260.073,260.073,True,3064047109,64000000,mcu,13768,0.3002767746223126,0.01634362406163384,0.299954,1.42927
198.97343603201443,260.02,260.0,0.6913252460517281,active,0,13772,260.049,260.049,True,3121647040,64000000,mcu,13771,0.30027671425459296,0.01634184425450241,0.299954,1.42927
199.47456337604672,259.99,260.0,0.6913252460517281,active,0,13772,260.049,260.049,True,3121647040,64000000,mcu,13771,0.30027671425459296,0.01634184425450241,0.299954,1.42927
199.9762069749995,260.0,260.0,0.6972152285038529,active,0,13776,260.0,260.0,True,3198446981,64000000,mcu,13775,0.30027663382940106,0.016339472082151692,0.299954,1.42927
200.47746472700965,259.99,260.0,0.6972152285038529,active,0,13776,260.0,260.0,True,3198446981,64000000,mcu,13775,0.30027663382940106,0.016339472082151692,0.299954,1.42927
200.97893221204868,259.99,260.0,0.6965590905622949,active,0,13779,260.0,260.0,True,3256047462,64000000,mcu,13778,0.300276574031064,0.016337693622410932,0.299954,1.42927
201.48012309503974,259.98,260.0,0.6965590905622949,active,0,13779,260.0,260.0,True,3256047462,64000000,mcu,13778,0.300276574031064,0.016337693622410932,0.299954,1.42927
201.98080782603938,259.97,260.0,0.7066758220798047,active,0,13782,259.951,259.951,True,3313647404,64000000,mcu,13781,0.30027651367825264,0.01633591575302043,0.299954,1.42927
202.48198967799544,259.97,260.0,0.7066758220798047,active,0,13782,259.951,259.951,True,3313647404,64000000,mcu,13781,0.30027651367825264,0.01633591575302043,0.299954,1.42927
202.98341743502533,259.98,260.0,0.6991989013504234,active,0,13786,259.976,259.976,True,3390447414,64000000,mcu,13785,0.3002764334421473,0.016333546159848677,0.299954,1.42927
203.4844470040407,259.99,260.0,0.6991989013504234,active,0,13786,259.976,259.976,True,3390447414,64000000,mcu,13785,0.3002764334421473,0.016333546159848677,0.299954,1.42927
203.98605427902658,260.0,260.0,0.6961928740367742,active,0,13789,260.0,260.0,True,3448047831,64000000,mcu,13788,0.30027637380330724,0.016331769633065072,0.299954,1.42927
204.4872919539921,259.99,260.0,0.6961928740367742,active,0,13789,260.0,260.0,True,3448047831,64000000,mcu,13788,0.30027637380330724,0.016331769633065072,0.299954,1.42927
204.98778922704514,260.0,260.0,0.7037308308537423,active,0,13792,259.976,259.976,True,3505647645,64000000,mcu,13791,0.30027631339279237,0.01632999369921305,0.299954,1.42927
205.48905959300464,260.01,260.0,0.7037308308537423,active,0,13792,259.976,259.976,True,3505647645,64000000,mcu,13791,0.30027631339279237,0.01632999369921305,0.299954,1.42927
205.98961907299235,260.02,260.0,0.6763408865491722,active,0,13796,260.097,260.097,True,3582447527,64000000,mcu,13795,0.30027623305545487,0.016327626685493604,0.299954,1.42927
206.4907112190267,260.02,260.0,0.6763408865491722,active,0,13796,260.097,260.097,True,3582447527,64000000,mcu,13795,0.30027623305545487,0.016327626685493604,0.299954,1.42927
206.99236417299835,260.01,260.0,0.6944075684748607,active,0,13799,260.024,260.024,True,3640048022,64000000,mcu,13798,0.300276173430932,0.01632585209038625,0.299954,1.42927
207.49336724402383,260.01,260.0,0.6944075684748607,active,0,13799,260.024,260.024,True,3640048022,64000000,mcu,13798,0.300276173430932,0.01632585209038625,0.299954,1.42927
207.99505177501123,260.0,260.0,0.691981383993286,active,0,13802,260.024,260.024,True,3697648159,64000000,mcu,13801,0.3002761135424969,0.01632407807867546,0.299954,1.42927
208.4960742010153,259.98,260.0,0.691981383993286,active,0,13802,260.024,260.024,True,3697648159,64000000,mcu,13801,0.3002761135424969,0.01632407807867546,0.299954,1.42927
208.996508826036,260.0,260.0,0.6890058747234302,active,0,13806,260.024,260.024,True,3774448136,64000000,mcu,13805,0.30027603346613546,0.01632171363353095,0.299954,1.42927
209.49744891101727,260.01,260.0,0.6890058747234302,active,0,13806,260.024,260.024,True,3774448136,64000000,mcu,13805,0.30027603346613546,0.01632171363353095,0.299954,1.42927
209.99901813804172,260.02,260.0,0.6858167391470207,active,0,13809,260.049,260.049,True,3832048454,64000000,mcu,13808,0.300275973783314,0.016319940968014757,0.299954,1.42927
210.50011127901962,260.02,260.0,0.6858167391470207,active,0,13809,260.049,260.049,True,3832048454,64000000,mcu,13808,0.300275973783314,0.016319940968014757,0.299954,1.42927
211.0006797130336,260.03,260.0,0.6932936598764019,active,0,13812,260.024,260.024,True,3889648781,64000000,mcu,13811,0.30027591412642096,0.016318168879904664,0.299954,1.42927
211.50158338301117,260.04,260.0,0.6932936598764019,active,0,13812,260.024,260.024,True,3889648781,64000000,mcu,13811,0.30027591412642096,0.016318168879904664,0.299954,1.42927
212.0032300130115,260.02,260.0,0.7005416952773327,active,0,13816,260.0,260.0,True,3966448543,64000000,mcu,13815,0.30027583409337677,0.01631580700247465,0.299954,1.42927
212.50432854500832,260.0,260.0,0.7005416952773327,active,0,13816,260.0,260.0,True,3966448543,64000000,mcu,13815,0.30027583409337677,0.01631580700247465,0.299954,1.42927
213.0051020240062,260.01,260.0,0.6975051499198901,active,0,13819,260.0,260.0,True,4024049036,64000000,mcu,13818,0.30027577471414096,0.01631403625687751,0.299954,1.42927
213.5052788630128,259.98,260.0,0.6975051499198901,active,0,13819,260.0,260.0,True,4024049036,64000000,mcu,13818,0.30027577471414096,0.01631403625687751,0.299954,1.42927
214.00602934602648,259.98,260.0,0.7128862439917601,active,0,13822,259.927,259.927,True,4081649106,64000000,mcu,13821,0.300275714926561,0.01631226609500927,0.299954,1.42927
214.50704314903123,259.98,260.0,0.7128862439917601,active,0,13822,259.927,259.927,True,4081649106,64000000,mcu,13821,0.300275714926561,0.01631226609500927,0.299954,1.42927
215.0076941300067,260.0,260.0,0.6935072861829557,active,0,13826,260.0,260.0,True,4158448425,64000000,mcu,13825,0.30027563443037975,0.016309906789321045,0.299954,1.42927
215.508769341046,260.0,260.0,0.6935072861829557,active,0,13826,260.0,260.0,True,4158448425,64000000,mcu,13825,0.30027563443037975,0.016309906789321045,0.299954,1.42927
216.00959950400284,260.01,260.0,0.6968490119783322,active,0,13829,260.0,260.0,True,4216048969,64000000,mcu,13828,0.3002755751374024,0.01630813796388384,0.299954,1.42927
216.51049400499323,260.02,260.0,0.6968490119783322,active,0,13829,260.0,260.0,True,4216048969,64000000,mcu,13828,0.3002755751374024,0.01630813796388384,0.299954,1.42927
217.01110337901628,260.01,260.0,0.692484931715877,active,0,13832,260.024,260.024,True,4273649352,64000000,mcu,13831,0.30027551572554406,0.0163063697162177,0.299954,1.42927
217.51222403004067,260.02,260.0,0.692484931715877,active,0,13832,260.024,260.024,True,4273649352,64000000,mcu,13831,0.30027551572554406,0.0163063697162177,0.299954,1.42927
218.01286900701234,260.0,260.0,0.698161287861448,active,0,13836,260.0,260.0,True,55481836,64000000,mcu,13835,0.3002754358511023,0.016304012959008983,0.299954,1.42927
218.51377714902628,259.99,260.0,0.698161287861448,active,0,13836,260.0,260.0,True,55481836,64000000,mcu,13835,0.3002754358511023,0.016304012959008983,0.299954,1.42927
219.01445557700936,259.98,260.0,0.7016403448538948,active,0,13839,259.976,259.976,True,113082133,64000000,mcu,13838,0.30027537642722935,0.016302246053866144,0.299954,1.42927
219.5153771979967,259.99,260.0,0.7016403448538948,active,0,13839,259.976,259.976,True,113082133,64000000,mcu,13838,0.30027537642722935,0.016302246053866144,0.299954,1.42927
220.01601027901052,259.98,260.0,0.6939955748836499,active,0,13842,260.0,260.0,True,170682135,64000000,mcu,13841,0.3002753167401199,0.016300479728033185,0.299954,1.42927
220.51703159301542,259.98,260.0,0.6939955748836499,active,0,13842,260.0,260.0,True,170682135,64000000,mcu,13841,0.3002753167401199,0.016300479728033185,0.299954,1.42927
221.0175738669932,259.99,260.0,0.687006942854963,active,0,13846,260.024,260.024,True,247482293,64000000,mcu,13845,0.30027523734200073,0.016298125517522286,0.299954,1.42927
221.51848000800237,259.98,260.0,0.687006942854963,active,0,13846,260.024,260.024,True,247482293,64000000,mcu,13845,0.30027523734200073,0.016298125517522286,0.299954,1.42927
222.02000945503823,259.98,260.0,0.69233234149691,active,0,13849,260.0,260.0,True,305082579,64000000,mcu,13848,0.3002751779318313,0.01629636052680687,0.299954,1.42927
222.52103906701086,259.99,260.0,0.69233234149691,active,0,13849,260.0,260.0,True,305082579,64000000,mcu,13848,0.3002751779318313,0.01629636052680687,0.299954,1.42927
223.02172129199607,259.99,260.0,0.6999771114671549,active,0,13852,259.976,259.976,True,362682719,64000000,mcu,13851,0.30027511840300336,0.016294596111934578,0.299954,1.42927
223.52277695504017,259.99,260.0,0.6999771114671549,active,0,13852,259.976,259.976,True,362682719,64000000,mcu,13851,0.30027511840300336,0.016294596111934578,0.299954,1.42927
224.0235835260246,259.99,260.0,0.6982375829709315,active,0,13856,259.976,259.976,True,439482781,64000000,mcu,13855,0.30027503911945147,0.01629224444908675,0.299954,1.42927
224.5235684060026,259.99,260.0,0.6982375829709315,active,0,13856,259.976,259.976,True,439482781,64000000,mcu,13855,0.30027503911945147,0.01629224444908675,0.299954,1.42927
225.0243255130481,259.99,260.0,0.6940566109712367,active,0,13859,260.0,260.0,True,497082991,64000000,mcu,13858,0.30027497979506423,0.016290481368369285,0.299954,1.42927
225.52535437600454,260.0,260.0,0.6940566109712367,active,0,13859,260.0,260.0,True,497082991,64000000,mcu,13858,0.30027497979506423,0.016290481368369285,0.299954,1.42927
226.0270022469922,260.0,260.0,0.6951857785915923,active,0,13862,260.0,260.0,True,554683159,64000000,mcu,13861,0.3002749204963567,0.016288718859908378,0.299954,1.42927
226.5280399970361,259.99,260.0,0.6951857785915923,active,0,13862,260.0,260.0,True,554683159,64000000,mcu,13861,0.3002749204963567,0.016288718859908378,0.299954,1.42927
